0.920435006726119,0.8415739828453865,0.1757718142651847,1.3886414485574676,1.101037679970362
-0.5500802968914407,0.7259070112530233,0.7705522005000022,-0.11046988108083403,1.1982693659686894
1.2272995629618233,0.792548936402904,-0.04782781661496292,-1.4335185284055127,-1.7456955223205204
-0.7136353328806395,-1.4618300011211058,-0.6140757913388426,1.0822975904357521,-0.23189703691765987
-0.2627418289844902,0.2545376522682548,0.5648897449159408,0.2803703644602408,0.35483787778757064
0.9199072630287597,-1.8864786277891494,-0.9506743027168517,1.13438700280992,0.022345366169339503
-0.4394228297409107,-0.4950012141484725,1.3010050074065336,-1.426517279349577,0.37525908186738843
-0.45243139356609147,0.8717747945398531,1.6799208518139896,-0.9669190829674207,1.1879194094051069
-1.119198766680556,-0.029738022771000624,1.8058784582180774,-0.20981532353837612,0.02051439942321351
0.8793036355584796,0.4288236742256616,0.45871306763902664,1.6652876352750416,-0.6097250302858632
0.3614132563252966,-1.306489579116551,-1.2519394233115113,-1.2442781504318658,1.1172985483502684
-2.290372088823779,-0.9058475364620701,0.04483557393914944,0.13518660690858375,-1.2602803262045048
0.8038574479821964,-0.7562528911639681,-1.1790506897805393,-0.5705869394310524,0.8640474808096966
0.7211702005882447,-0.3948625380500988,-0.3746011456809963,-2.9094921005413847,-0.25738754877966086
0.9924277092551206,-1.118229299832298,0.3455892234950409,-1.095149605462496,0.5887233618764407
0.23498638154231505,0.8180934014295175,0.6722926408398693,0.5701659336945727,0.921954407281644
-0.486283364012069,0.016266379180052866,-0.3337760031456953,-0.9999155764198113,0.3491683208166549
0.15894200107829343,0.5282680365975684,-1.846053684294398,-0.4350063217370388,0.8102493883922041
-0.16002878200936602,-1.3951491599468675,1.6160517805100851,-0.19658119270321886,-0.5455473906125331
-1.207625887582698,-0.6406259089983277,0.07995146948771387,0.4162419565735442,2.2655306385896066
-0.6550941786777057,-0.3524455139143421,1.5386159292204007,1.4869955676285544,0.5644716347639819
-2.020479682922092,-2.3528143527109258,0.9535153433255461,-0.7850631047867799,-0.612308364160882
0.11428856087828898,-1.648097577461948,0.22846110276447876,0.9279309470653271,1.6284701211083552
-1.5456780899258218,1.4561153561871587,0.04490681542682035,-1.7528199599526466,0.011126945640606296
0.3249614487920474,-1.125271783892213,-1.054600821100375,-0.006121072146518684,-0.3968863295456417
0.29033099785906347,1.178968689573933,2.7869031652445044,-0.36022366826569463,0.7718723586681563
0.4923641005898806,1.2018400239401803,-2.1398016100192696,-0.11623237960321002,0.8324994897235979
-0.31385445562528597,0.18552609341709983,-0.7498666836127027,0.11562515758431312,-0.2826521418405159
0.9892352460424705,-0.3803129409908827,-1.1404158728473262,-0.5836383213225538,0.9758706252966671
-1.2719301532084644,1.0461328606109397,0.1060109722440713,-0.07664305485856225,-0.4405276161818009
-0.205942620593526,-0.4221535515686173,-0.5679184539272991,-0.9627557954256557,-0.5815711204820303
-0.6479557906058315,-0.8287276077690016,1.2556462036331821,-0.2625227473126577,1.086371837180653
0.2934158964711987,-0.8532309304877347,-0.19298381656536165,0.6032086701711099,-1.0761175759795265
-1.3899964311729673,-1.150542784751184,1.6598269635633236,-1.6153508726719423,0.9641488529542697
0.3296021937991592,1.296007020971575,-0.19386999129351834,1.5708066608080429,-0.495011542621604
0.27278400868922187,0.9354407738011322,-0.1647483472546811,-0.8332303645167393,0.08033358461565485
1.5231735404731979,-0.968871615962977,1.0640425879584432,-2.2366225271667983,1.5403821894210565
-1.0862108849656054,1.4231932849470152,-2.042545515036239,-0.6002873905692505,-0.6631951356214535
0.0712076718940706,-1.1521157133071018,0.14838672511123402,0.5074553488525619,-1.3399922326939437
-0.7771666716847636,0.8507805848515289,0.5760993524159566,-0.8249517751900088,0.5516453634738985
0.4781456538994938,-1.8871146931324527,-1.4791999009202537,-0.20262449446332007,-0.4111979168759835
-0.23320936883264926,-2.014028430491586,-0.160770450623691,1.937749977707701,-1.4304519354872778
0.8778165655704495,1.324274239735775,1.7740836789483145,0.4621316141321619,-1.652869727498053
-0.9193566052015824,-0.4296352405208488,0.18526081966151048,-0.6411421714412839,2.0364600793396526
-0.8709997607257959,1.0159859187125977,1.9340189493139897,0.9614701626315747,-0.22138749627582782
0.272236262715621,-0.3714640058727046,-2.1466078461794904,0.6293108913988044,-0.6659545318583882
-0.3326886457470892,-1.2594514975241102,0.3108091101895463,-0.9992775815626342,-0.3312569890513126
-1.489771926527341,0.10992959313470432,-0.037917731600776834,-0.5580012597749595,0.3835133762113592
0.06029218169157021,0.4686574644814172,-1.670390391680435,-0.08471504688991206,-0.2607376247477405
-0.9185279850129338,0.031598862239901576,0.10990330062558548,0.3008853492088941,0.6597420888200894
-1.2141882763471334,-0.3180490515047601,-0.2927635975704791,-1.6543280931378133,1.275539475560972
0.623924467704086,0.06749836551062163,-1.255749291872017,-0.6325090735598831,-0.20526910986909302
-0.5539103852511025,-0.8585574290794542,-0.5875880329417821,-1.693025020305764,1.102500166575076
2.2115420630208336,1.0631126366317478,0.979940863555387,-0.941721951562358,0.6279635332030385
-0.06782942262230329,1.6192574096465155,0.5264522508994085,0.8690934421507035,1.2848901359467806
0.8841007715350937,-0.4242574643312249,0.6270916536897705,-0.2839549765429432,1.3970959975981392
0.8147306819641417,1.2207034952719762,1.34880128829242,0.4307135968369863,0.9874811209529958
0.5675260073510048,-0.3443837901293263,1.9273716866970547,1.4053856202675015,0.451924119505693
-2.4872276640721447,2.1827468255930174,-0.46892382361906715,-0.3785678833555491,-0.7728417574171218
-0.6976552508181689,0.03290050766516744,-0.1658263103695425,2.2881284318013866,0.07192061931841784
-0.23400126268319432,-0.5547679992147344,1.361196070233333,-0.6170629446409223,-0.10011427647518019
0.2786398114577685,-0.7074211332961978,-0.3722823080056211,-1.449532719288219,0.5435824329301009
-2.098535914903036,-0.33794607923515607,0.30271268655994993,0.3536232068080263,1.0812322104589718
-0.33470211832657737,-0.5772953391587281,0.9868163369151997,-0.35122207159759505,0.9760926379386635
-1.3373669478749095,0.9659989180895396,-0.9687210390039673,0.9973644285508383,0.21101318841240324
-1.2528316019003827,1.6706205359634174,1.2337956140330448,-0.0814195001067201,2.3432418621073543
-1.5897027404768675,1.0536190170222677,-0.7945293812573573,0.1802234639086196,0.07483210326577923
0.9251671487871577,0.06927495935536965,0.15321640767699474,0.8149348272354208,-0.5405428336012599
-0.9127711387956082,1.3778292313839844,-0.2887059241333567,-0.5695735743075385,-1.2525583962134499
0.05760153924591734,0.8099686549688652,1.5847874063803558,1.3836675790980428,0.28609036533446536
0.7244371375446752,-0.7199025088012381,-1.4861198537022802,-2.4394432139337914,1.8966033963451918
-0.07621715224487798,0.8336519597297889,-0.5995362892635933,-0.06967856951837054,0.9907387669835557
-0.3584680083382294,-0.4647661207572121,0.840804791146833,-0.888123682150806,-0.017694544011525922
0.04164628820349601,0.10730527819736219,-0.9453619411145757,-0.3301759992014933,-0.3970977154762844
1.8256967546707987,-0.4178299472781113,-0.7241529021049964,-0.28878847574544153,1.1277672812675874
0.4047564449594522,0.5174190268697718,-0.4855169208915243,0.8661852476186669,0.17770766867704232
-1.1788030516032109,0.6781854466194867,-0.34700967988958176,0.7503245075660455,0.057601641825743656
-1.9199022625060544,0.32461849347000393,-0.2370119711234004,-0.30809516725385155,0.431487153710087
0.82854046696448,-0.12325379275922771,-1.8170266502394254,1.7282637867478,2.050140355813071
-1.8447476351708314,0.4983745079996409,0.987661751239586,-0.897704460846501,1.3223060733254108
0.7294618709169369,0.371676627674538,-0.4235557640310155,-0.785238230626169,-0.8233194377776055
-0.5379455531346177,0.3401137339569166,0.05524275349360362,0.49313738856613504,-0.4037844923729578
-1.44370834370518,0.29549453880211973,0.058589088609165355,-0.20428524354082056,1.0364560885757903
0.027186093569857874,-0.8983969387144627,1.9324457651270606,-1.3599612559495908,-0.8910218279538779
0.846633058484318,-0.6184784857818001,-0.20254626698801342,-1.0710064174586331,0.13145634751778018
0.8406223552292629,-1.0607731105693803,0.07979414963179263,0.3320112543315119,-0.6189611042403838
0.5542733718967179,-0.9151065105698938,0.10982960193013115,0.7210676395711004,0.28111587033289304
-0.06759804124240246,-0.40054624771134656,1.6375782393962222,-0.6279704333425249,0.29783007520970073
-1.6622350643734778,-0.3139597654182746,0.8445444015445315,-0.21326561800939173,-1.2994616381016983
-0.5561737892043253,-0.7791265757080722,0.7360708070974173,-0.6432651177721196,-0.928161180012022
0.8229005957839822,-1.1554216891224238,0.13251999761926736,-0.11953533458444922,0.3907994352975455
1.3556881576052924,0.9631282195037777,-1.250524068131756,-1.342180731125432,-0.12648901284674113
-0.06194368875284059,-1.265770441510206,-0.9940784407134383,-1.1377171612143886,-1.2785176160567833
0.15107748447487374,0.0486063385784225,0.4834339936438121,0.23394670140063586,-1.3995857915117813
0.29677899566332877,-0.26375583650183304,2.383153141223062,1.105876877955882,-0.58993774427173
1.1207082914867554,-2.0096600290008952,-1.5133926910413633,-0.7695233818242467,-0.9168546273762033
-0.3502638558387217,0.656808297491661,0.05462718333474959,0.564858950857986,-0.4525480984345555
-0.39360910112881614,-2.4290809076683497,-1.2862669685250194,0.7946495843182962,-0.6619442558551136
0.12324876976995648,-0.1902144007287438,-0.07231586965683086,0.2877313841482358,-0.7967203005852174
-1.1915772235947908,-0.358075693865409,-1.216769134395469,-0.608505513847441,0.25166145756204633
-0.189231390033439,0.6357874703532521,-1.8101131232826255,0.03962368666043116,0.5486166307582566
0.4167480388583538,0.33232973753987977,-0.262204562590808,-0.7565921133268478,0.49719214213616764
1.5768717755293935,-1.6327156936109597,0.15866042546926637,-0.17769726754886606,-0.3134937802933433
1.4477225496761434,-0.24497800999924862,0.8702539401096987,-0.9137250147730972,-0.8712776158381457
-0.10209080118751336,1.6491797285349654,-1.2192227037352317,-0.5196825225481002,-0.5151413038250011
0.5023488778627415,0.2898713125327992,-0.4868141600629965,-0.4437835046073464,0.7996504007981298
-2.6811517303173464,-0.23449694681801547,1.464468126700603,0.49843127858010616,0.010287215336047428
0.2748345100895305,1.451066209087866,0.18069050475039256,0.6038976528431136,-0.2585739999065109
1.0756001008680764,-0.11164550110975094,2.5868263163272207,-0.432094359210969,-1.0944247509980343
-0.3652534799198742,0.10197764825887741,-1.0120469106891326,0.49213786959145084,0.4351726388882128
-0.5035036660278319,1.2926149572045964,-0.9831187777613798,2.007726853693093,0.493795479562073
-1.4104572994300804,-1.6540108492115047,-0.6114962039395531,-1.1919693919181358,0.24568558305792765
-2.3865506204863802,0.3227549568972687,-0.10965420549442847,0.36435083215118197,-0.21721905940526656
-1.6185683121200514,1.11143685989336,-1.2824877407357727,0.8029180805841851,-0.2616646188482841
0.8717615829714628,-0.2818898504723987,0.8054897657089248,0.7560207269156195,-0.21347078303259046
-0.5811809682436301,-0.06648504728973548,-1.046832775881814,1.2965698806115395,0.05152810667497305
-0.21467134536876806,0.6505039649255758,-0.23316036470622573,-0.4898577524778484,-2.3029362567585365
2.16487917530669,1.4134700890921097,0.24221020393049053,-1.9819677627846035,-0.00955855384843735
-1.3188292333518952,-0.3442196580423338,-1.650780486205915,-0.04284613275109916,-0.8939680197988689
-0.24026096422670346,0.6375952211518587,-2.100361003297806,0.10932465755022318,1.4551047351899473
-1.1981425940863903,0.8362150039581205,-0.24984149894923208,-0.24308843340326725,-0.23355303302077657
0.8408368430902605,-0.5875797521600401,0.14167244712825283,1.1577468496174075,0.7780054853623586
-0.9626469160216631,0.0020336350280843107,0.3064927260218488,-1.2571932653768076,-0.026911733043678044
0.3064007344322373,-0.10705313683532532,-0.6064910587529835,-0.3254836928515391,1.0888978093405237
-1.085910631411968,0.6688528352391085,0.25441684881381166,0.7410056522428492,-0.694237845028617
-0.9194079574431656,-1.245837249312684,-0.284837480884294,-0.10237669304337434,-1.4838269509320514
-0.4110808887248254,0.6569463738254837,0.0431236438170694,-3.4227982860177963,-0.16700632782378474
1.229996651322461,0.3864694816103209,1.0779048629459222,0.7926719188044178,-1.3027350238929898
-1.1279084919025038,0.12372741240277896,-0.6873645462923883,0.4047581474954576,-1.6104448025050622
-0.005522790403489154,-0.950220574647081,-0.835144538595929,1.5117789627539786,-0.6405033762936714
-0.7229591966799455,0.05982360861161352,-1.2927827038587958,0.704981418944328,-1.8079715244408934
2.0505961135241066,-0.3982154559887589,-0.06972803007121393,0.12599232554096648,0.27664175284112924
0.11817754720875732,1.5494277176855142,0.9387192654854299,1.0608061670604383,0.3258928272858227
-1.3490507339139477,-1.2785074521144058,-0.8904384745686872,-0.17772024491895422,0.021496728568988557
0.9858865751443391,0.8351252485353589,-2.593451633129877,-1.2035438005851067,-0.9465005980307114
0.5447023212883817,-0.04797198715911007,0.1335413923428711,-0.0594258610637627,-2.027163825937979
2.633387228465774,-0.9203234238752867,-1.7698837714697666,-0.3770912854033473,-0.434208807690844
-1.8368701204706792,-1.2420093505004586,-0.04709293930252642,-0.6249666675305976,-1.6493149591029843
-1.9094148048075221,1.082041971996689,-0.020917718371964027,-1.5826038193167784,1.5454784187445052
-0.2441800258630172,-0.8158841416696481,-0.03766947127191824,0.8284013355958909,-1.5668947805890423
0.4405237809723595,2.3787291360630416,-0.268576276533323,-0.19844441609968336,0.07813466045903772
0.6027962747258873,1.5543235199912036,0.9292682806947345,0.884804805578018,0.013357630725214831
1.2230899868238403,0.4442217788358373,-0.8881745936732766,0.9660648721596177,-0.35093330956586033
0.17996203573297156,-0.9923153666034285,1.9390853140438402,-1.313124687853033,-0.30792651337574095
1.1423366458082744,-0.10232442505841192,1.127768182022384,0.6068920215192534,0.34994320620566266
-0.4888140285526865,0.3245532864886108,0.3876444958648553,1.068574390155552,1.4556186186787303
-0.22737482514902843,0.6147456692742582,2.2329657725320637,-0.6250389617196268,-0.6274424640338382
-0.23953421654745238,1.0277438187142374,-1.4294641443733094,0.5872883651902813,1.299153547168608
-0.34876258442323127,1.845366394572786,-1.7902373942198544,-0.3084287526321878,-0.854719125659545
-0.674054078084745,2.291153562254477,-0.028321912244010677,-0.40259893227224763,-0.0757789618337908
-0.40421920912407255,-1.0242115813619665,1.412039451003393,-0.3000733482512415,-2.050083493937764
0.14314781215956718,-0.19691475223662583,0.41881818224625783,-0.20100966898793823,0.8368848223347038
-0.5968456017688488,-0.021942427304518328,0.4376528253040956,-0.2564572674536758,0.4060844144569267
-0.4859039556532218,-0.8152514754168046,-0.32200320627158185,-1.5107521943844644,-0.7160781219155085
0.2523255648687242,0.8840631155069801,0.8389573304097592,-0.4196135173549902,-1.7170880848656889
0.17957624271300832,-0.27236431878744366,0.3755775180020869,2.0956486781314,0.7601626952243357
-0.4734412369693134,-0.16928192077281637,-0.5322899337627015,-1.4223836935683714,1.4682359802375515
-0.5110446074734942,-0.8507198083698608,0.48122761695577326,-0.8461448619611566,-0.1366586869378242
0.4168222599839432,1.0975182750301165,0.059624411102160685,-0.6603713296456039,0.1570735728993108
-0.8696865795705451,0.025666115260424557,0.050747407393639386,-0.06928530246240787,0.15397253078076492
0.8051312045251215,0.9875989256528642,-1.1270564519917001,-1.6889551565952008,0.864034731367648
0.20178919752620278,0.9984886241362528,1.3848272536155621,1.4268267420716039,-0.653291977311718
-0.9961393973166139,-0.24175387616278518,-0.7209755496880227,-2.017211109140565,0.5361498912510482
-0.23171405395332925,-1.0260367391561152,1.5835939740239673,-1.0835794354157735,0.24198521015542973
0.886106074566361,-0.5119293502276427,-1.5281543341266235,0.6432496532220316,0.3185301431206727
0.8913913980482926,0.17099042508714624,-0.022980965257350335,0.2575937373530465,-0.7679647924635746
1.3788699153303343,1.5018457867148274,-0.5410585029686721,0.8112456764965125,-1.8990840915940552
1.266198592520064,0.13979385978534167,-0.06318011193266414,1.671404226046017,0.14491220315109124
1.5968497020864865,0.06941336781467182,-1.7823556736483717,-0.41706977188997985,-1.2326613167722598
1.2181143566497483,-1.2725011348974973,-0.21501857636809787,-0.07450661822190191,-1.2498599189910693
-1.4443030335470506,-0.6181698415657386,0.5694450149854003,-0.13183118409716044,-0.495661899885563
0.18305708990882036,1.1276159352860917,-0.03202068515567673,1.3683530332003382,0.22717094829386175
1.4184732364721124,-0.15633248032701674,-2.4408782300513576,-0.7233798051825614,0.49356391635739355
0.4948083226238043,0.27447043694066536,0.8255407825696816,0.027067328994510306,-0.045402795938707774
0.9325200631133346,0.2702828128411247,-1.1400945690399125,-0.8231375866016242,-0.40286933893537386
-1.061024496927463,-0.17593971659169655,1.4736502719417817,-0.7464061989467158,0.23321578406237914
-1.4259424606599165,1.050237683964461,-0.30315457592600337,-0.1360644338891953,1.1227146912879933
0.11039773704484539,-1.1133074004421597,-0.6950634403410548,-1.3841791800184549,-0.3408845108118196
1.474843120815071,-2.458602801228271,-0.9412896526964861,0.624937231338527,0.19651305155013735
-0.5787250802765347,-0.9856994949771705,0.16775473850055217,-0.11507507911884293,0.7016384109525952
0.19373838497455148,0.18016857594156166,-0.7989078084884372,-0.8367934465091473,0.7035769388272994
0.960508926619506,-0.743876088569544,-0.30785417544856003,1.1334644396046853,0.2428035635399061
0.5290107671992793,0.6464016875125614,-1.295638146061734,-0.08257812986671656,0.12912352335485502
-1.7373387774023348,0.696865116830936,-0.8504348610122447,0.04497634467242423,-0.126567761007487
0.8032810822041692,0.7477042438133247,-0.9637654406334298,-0.7701178439229642,-0.8060715208960878
0.2649230890183291,-0.6902521108555317,0.4785679587147001,0.7586342235612652,-0.545945304334004
1.3490049720223605,2.285422907729445,-0.16990285384925197,-1.232745543641481,-0.2835092983650288
-2.0381847245247555,1.7248517628432585,-0.19459526458607793,-0.6071227321317731,1.0096506157875589
1.1448477321241826,-1.0677008356360853,-0.8920335817384331,0.7787479518877514,0.009636126757737637
-0.22200736934255716,1.4382164800261599,1.5471037629481226,0.15051098447642586,1.1634298915299166
-1.4697773349773726,-0.4004904014792642,0.23660460380569073,-3.1967053782289097,-1.3832594140390977
-1.649803243902666,-0.8239604753457315,1.3952972665437904,1.6074065593001279,0.5716349859480554
-1.3612115800457878,2.326109292184067,-0.11253858041080468,-1.551475648923464,-0.3654883325436329
-0.02088843600562182,-0.19319970386577245,0.4651269792884528,0.38125816904863546,-0.4112999970069707
-0.16079890713376607,-1.0786278330179373,0.5370216552635144,-0.37156308250736353,-0.3316270269042708
0.046382339008700896,-0.6800237499787365,0.6234750769269981,0.02820760138916984,0.5049175146989955
-0.5697863407310978,0.6243156880359392,-0.14027132469569573,-1.113274054863848,1.5795221743866152
0.9748519269190158,-0.2334561525965661,-1.7920663281275264,0.5425932060392354,-0.060355663859782346
-0.29526443999032015,-0.9127078204220882,-1.4656676835432652,-0.15763226830760738,0.8227059151581536
0.36688698885365173,-1.443868751721733,-0.4278087996069962,0.3526027479274835,1.654031265589115
-2.1617410215421087,-1.833255295337187,0.24744073807943337,-0.15636814557919856,-0.09795818307118323
-0.4772466934698537,-0.29768588610204605,-0.6541636939386879,0.963490331008415,0.6833737858299572
0.6958833791619676,2.175544290941162,-1.0984843105317812,-1.01972057348095,1.1161807300001791
0.9205609697064814,0.5343083486175891,0.8393712860464345,-0.11566440619391179,0.6982224707005186
0.08660700519124055,-1.1485150241484081,-0.027487327904670445,-1.6243417067404489,0.1497836886412592
-0.870504463316969,-1.7904055551487925,1.3502736203153864,-1.182649262192453,0.49429985489416123
-1.1888687060643732,-1.929087463101774,0.40184044517523704,-0.2835544320681358,0.9810082809640829
-1.0920297854709302,1.6173541165297747,0.2519547070572187,-0.5690816839979695,-1.2809273622942496
2.229982825156082,-0.3930205142087156,1.3220193148660362,1.3657131264973061,0.6008545102311869
-1.4787695912637082,0.34799402649575734,0.6336216489573588,-1.4668715652436932,-0.18101656932472412
-1.353107162877133,0.018175703406204908,1.0464713684485467,0.98000690799131,0.16618070132774693
1.371021396177484,-0.9255505661212056,-0.6759018977362068,-1.4451927719068822,-0.0889904646243444
-1.7766115701357375,2.208050903811721,-0.542186616235713,-0.8110205958751986,0.496912624817814
-0.8167924679933775,-0.458013322728713,-0.08675477094815914,0.9592991205000881,0.038781345591192166
0.034952945012025255,-0.8509514030000194,-1.618397635281009,0.7551460545894269,-0.03955442434060051
1.2084373381016509,0.38340797371357144,-1.4596508952741192,-0.46438611375747757,-1.5721470739945975
0.8424407038514442,-0.4281633732526997,-0.7843925642777284,0.07913273439741096,-0.7224170402046596
0.57328720644731,0.6382824552813107,-0.5936064333219346,-0.20533344577722112,0.33182919034531794
-0.08145544643212135,0.15370190751496102,0.6985381605716713,1.772409823048321,-1.9218449733983884
-0.996646645357826,-0.023220846608976827,-1.946925990028412,-0.6026201641079563,-0.19201502353407127
0.3989237063581352,-2.37481987885014,-0.10373552176113424,-0.4341780898425211,-0.264205777527289
-2.6286038153962727,0.030083027037085604,0.2852733281802114,-0.1497564287655343,0.7904911943207559
0.5138077397139494,0.9465097977898801,-2.0487389081276,-0.9413888949419436,0.06654274791747002
-0.36818228338598796,0.13446463729800806,-0.06004668074934591,0.32886243966889095,-1.0656862975450898
-0.6725671230819846,2.035103747283728,-0.35138176778339714,1.1225593589528997,1.0338736105463684
-0.502416030622031,0.6394685894955142,1.0480248667925443,0.05610728335577218,0.22730794846890778
-0.6488935459433829,0.8409683203660365,2.5487101167217143,-1.8014824378556793,0.9353864274150183
-0.8705441839235957,1.0556177587629303,-2.177141738688503,-1.1157507664966193,1.1165546423090198
-0.45042552450330925,-0.031042787309514826,-0.5157301004280991,-1.431611088265162,0.902320682511833
-0.7542179916317632,-1.89222865360896,0.8463596353944602,0.16787265520335937,-1.2307795646380486
-1.0118990923027507,-2.3586002981150505,2.0973893162269044,1.0960257826039523,-0.8810212564741141
-0.21986664474720932,-0.4927408691410275,0.7012189779997517,0.6986997212731967,0.20167053840813004
0.6120607582958918,-1.4976819940576354,1.0211022348064023,-0.6636341060913457,-0.7211935786828623
-1.5852844966523068,-1.0237696325515628,0.5565274114903968,1.0285860586737834,0.25153699261330464
0.47503599312229705,-1.4056125849447794,-0.539881247131116,-0.8426443660939421,1.4912395874850861
0.38392973707907085,-0.2448311498189598,1.423096756603187,-0.18762897840112558,-1.4431813961880058
-1.3229154168996013,0.11315334413213167,0.12518580881498007,-1.0851349584683907,-0.6056377045097903
0.8237055478908644,-1.9596000092088581,1.0215898379895203,0.8060060741877978,0.5306479705428584
-2.3050848817583884,1.4636792250482518,-0.3776009126624587,-0.4134369082642959,-0.7949013827836032
-0.4032455169787961,-0.4990682605432169,0.4134474285069414,0.15341957335764267,0.9881248586021064
-0.8226259234160657,0.5186581771061433,-0.8246900071439944,-1.4947811060758525,1.2450810734065885
-0.5126769949720603,1.498402523311935,0.002699214283601759,-0.16638640023611628,-0.4447489242773428
-0.7640392749682826,0.666418248503839,-0.37900870522999575,0.17818399663568568,-0.27871816139943945
0.289155317089294,1.294505505824818,-0.3325384472428551,-1.6757603445813547,0.05280322210060646
-0.37010976159679054,0.0143414628264071,0.7518498269471894,1.603878848458012,-0.11086258164272202
-1.4311785931259102,-1.640072510208463,0.9557575789343469,0.3326645495017359,0.6651250952229604
-0.3044737476696455,-0.5848210859921336,0.6561796237970033,-0.8889638869922232,1.9330191900015623
1.6923735642402773,1.317186025987063,-1.1268223391432906,-1.1375277924879525,-0.3188830827127069
-1.2375224404539562,1.2453391055326255,0.10194523718058217,-0.6507077985720461,-0.7516081354443862
-0.9458050997642148,-1.061736145949597,-0.9768660594903026,-0.9514171609794371,1.0083786244220134
-0.11091612150731552,-0.23800131703325916,-0.20014972397650327,0.9952248197341672,1.0804413421316317
-1.902086143739295,0.1851789189255974,1.2527965615999954,-0.04781563271191025,0.6784217299427898
-0.1708339571410159,2.5212109798970452,-0.9051514577876166,0.5421964104937745,-1.241102611328208
0.018000673319966555,-0.49955342150674814,0.6043271851675,1.0909951381721488,0.2965711551033172
-0.8452269015837511,0.6863288675653715,0.12420599982740739,-0.6078552980987549,-0.6873315902652851
-1.240847237341205,-1.034903787476065,0.6413799782349745,0.8743406565778863,-1.276101968452521
0.12471098956030192,0.2437847277703051,-0.9623654645853339,0.8531792302653649,-0.7491447027083974
1.3172616370344623,-0.17177576076231652,-2.0079832432162923,0.7950110775958288,0.7211990135960288
0.7000587519088491,-0.4015170443209818,1.1697576326927301,1.0629033918990964,-1.5241677577947816
1.040251090957292,-2.5685064983866863,0.170843592394195,-1.1201782750531621,0.6099912035441178
1.8088272817931812,-1.4339487743907173,-0.5951270710442819,0.7073847647269821,1.0687282472426187
-0.035202812152356516,-2.588738671701504,1.5198011002961394,-0.15773434022702526,-1.493846670703443
-1.4036736393688796,1.0363122396099478,-0.8044449177425468,1.5050829977994435,0.11862211443828267
-0.2684872355415751,0.9153717030768472,0.6384515011982485,0.7738934466171773,1.2536167838371648
-0.475342053735893,0.8606764214605782,0.7334410330611272,0.8645351220600959,1.156738852890448
-0.09666667070055425,-1.3596908861039365,-0.17076005574595074,-0.20890128016167864,0.015403690613707458
0.45279326867014275,0.38180835386963463,0.6651155222690037,0.6949183774482546,1.338288797387507
-0.6571731606595018,-0.2438098769727482,-0.2847914932669692,-0.4377260155260775,-0.22578708691070662
-0.3533319284872076,0.1902720461881735,1.3959487377686406,-2.061117656768724,0.8802742724445095
0.06236966775784658,-1.1574843502906556,0.69421452176805,-0.6524939461774807,0.7229421738957036
1.1065304047141131,0.5849654523856158,-0.9160270919624206,-0.3336014565294696,0.6424346688856256
0.5853135767771824,0.1975041462760604,-0.8282525417970105,0.09456914892930367,0.3279030416405845
-0.80530419525123,-0.44716590653008853,0.23919548157392326,-1.0109442849265144,1.6878465591461316
-1.0527441852463613,-0.8081002428415417,1.2827250516282955,-1.1676558364323564,-0.20976603562998913
-0.8965090264450744,-0.4268663460229017,-0.7651098073846545,-1.625316710807566,-0.5438273172911371
-0.3355575986395406,0.5612556929805019,-0.9005182281272496,-0.23602056447854247,0.14225573237619085
-0.34306619106700076,-0.6778324615907684,1.687357775679815,1.4433334770296835,-0.2692562575812391
-0.3724515229452253,-0.8785016415985133,0.45800534459238257,0.09411506076502932,0.18826947026873175
-1.359180956871608,-0.02284159693666183,-0.4392000111600644,-0.5822645609409162,0.6236953676950893
0.22982969627024002,1.7142793909403062,2.1586870774623175,-0.508821602727489,0.12056045010802512
0.9877484983254912,0.7665922540233456,0.3322191807034093,1.4211447263599493,2.1167462122409346
-0.5747799621646883,0.9222289275244612,0.8266356552061399,0.33308003760534516,-0.06325724896205509
1.2300412555800841,-0.4580583857971024,2.0472810413354305,0.5364224445252032,0.33542598105755245
0.4882525494079281,1.1581302055659226,0.6281737522378574,2.671392008465056,1.1848402260830717
-0.7415344986302802,-1.6300048031887657,0.6975100701251439,0.3576982049680391,0.7462893314649474
0.9872938463321121,0.5795573480394168,-0.39597999768553843,-0.21087743708995088,1.1310244303243584
0.06964538087128642,0.3718643687339331,0.8122531856156701,-0.12485685488854917,-1.4381220336318665
-0.9822702169653732,0.991589494984492,0.1812168831051082,-0.09239106478586438,0.1999758513505587
0.42531203860807276,-0.8325050727146033,-0.434439160510995,-0.34556793480451303,-0.4063964643311871
-0.9061110504680414,0.07758455920522175,0.20660512864747096,1.3447814385563321,-2.0820491720165775
-0.24370752885624916,-1.261462253602636,-0.3551624231605296,0.7772101743744946,1.4714849300161439
-0.7324663862716642,0.523727301110128,0.6091492979791395,0.3640195861253833,3.3942480080543613
0.7454526103382217,0.9560351204305857,1.0191519052417572,-0.054265816939757947,-1.0211073108153608
0.920029453919768,0.434538674211927,1.0868202488923915,-0.9953533998723799,-0.019744026783511802
-1.8820831662679858,1.2950122783591624,0.5942525976843087,-0.5524792594483847,-0.014893470091086729
-0.06790892539950046,0.21188212160621273,-0.43904807340559143,3.059126782533191,0.15543056488390072
-2.127152222623035,1.0996121353559234,0.1128799503145674,0.9043902889068499,2.5724573400757738
1.0479877996494251,0.11885446374186887,0.8379484015099975,-2.3044324208833897,-0.3984211677069412
0.13419286518232545,-1.7019845416918755,-1.003999735163345,-0.41489351564050864,-0.2447419231976629
-0.3972373144647973,-0.645002485534384,-0.31069653589273954,-0.3833260597082453,1.0230433586212966
0.010420644731022829,-0.7024449683787483,1.2118630970079602,0.4770730098422301,0.11725502302579077
-1.8346450736988342,0.884950291882957,-1.3376977794036173,0.008098874417048756,-2.2048610944437192
0.1005723065694754,0.8643045944742204,0.42851060505813865,1.0324489163693968,-0.5380530800423041
-1.3118984547782009,0.8275298319117935,-1.0567266348067585,0.5428726159943104,-0.13120428381031574
1.2563772109363693,-1.7704250810903288,-0.7905943472727395,-0.24466666188081426,2.8928298584136205
-0.8731868102079966,0.8196442020919062,0.3533189600512863,0.7870909005676787,0.11465800287586872
1.3027795550122683,0.5924122422042211,-0.08675887885574152,-1.40971733710235,-0.9741953620310565
-0.8550716658883888,-0.278549175483222,-1.6885073479220618,-0.6836356190536849,-1.9005540191071322
1.5284875202729693,-0.1151863012074532,0.8580744715244465,-0.6750223190873066,-0.6972787242652118
-1.344882503242222,-1.7625460350496267,-0.3274129956058592,-0.7946276429718767,1.1372621317169247
-0.5808365928620167,0.32747283468718447,-0.6226999834413034,-0.17826536976346685,-0.17440222029745422
0.09116980466204178,1.9235329042439682,-0.8856877829384585,1.238177722397458,-1.924779001870003
-1.4610900576113377,-0.0006406083383358017,1.3351282982722774,-1.6802551578641232,1.6082741052333083
0.79066473560263,-0.9699097477474947,-0.14153819521926622,-1.0151447530175892,0.5180307628791431
-0.25239837869676607,-0.6492504252050666,-0.05823936388436035,-0.49165381817552023,-1.5057700281637598
0.5013543174471994,-0.8693700725975735,0.44825759194330944,-0.44556406820390027,0.3294940178427634
0.9076624472072806,-0.8816452703199384,-1.384148047747399,-1.22417184340244,1.8478032219927516
-1.8505221174044328,-0.5064694068257146,-0.2943582395547238,-0.2652637378380677,-1.6231557510300711
-0.43317569182944415,1.692046177600252,1.0154532778647087,-0.00565919760518357,-0.8774447456552632
1.738393532111702,2.5352868793593686,-2.2177662017835353,-0.6648419827683114,1.1965816239210674
-1.2968505208855514,-0.1920863954796497,-0.8332751878188766,-0.11708751564830147,-0.08283998019974592
-0.26374827550910224,-0.5292223522841727,-1.9014220715283516,0.1984195781365025,0.3848494245258936
-0.7535311438530776,-0.37545575943269266,-0.6013743974264698,-0.9357380577806116,-0.7365940947812927
-0.9217071326741489,-1.185994638090851,0.13060320350105775,-1.4220648455587823,-0.5969243012227228
-1.5082702026336763,0.5514167478720887,0.15250869821886293,-0.044196194653854486,-0.8220607577813234
-0.6761180240810896,0.602439659657988,0.3560203157802781,-1.8318607812388237,-0.6198533929417285
-0.773700401830582,0.8605934084956327,-0.5868895235326795,-2.8835147958508545,0.13815081196240217
-0.3658522410066372,-0.02390540276362854,1.09785428545064,0.29935928605435164,1.2401652596128219
0.40341205810307923,1.7818564112472313,0.04269626314371608,-1.327053330195743,0.17538182053112966
1.0630696757262308,-0.43364813960360654,0.4839237359730285,0.4136129651582806,-0.7848861039451989
-0.42257840144585157,-0.17025462400877941,-1.5474232677698174,-1.774386145886908,-2.0097805901912733
0.516194041805078,0.5939909218226892,-0.9184558489413258,0.9751341821460531,-0.7796476149365013
-1.6399746009948155,-0.30533810071341555,0.9162079286674983,0.659726360732853,0.07796484310505385
-1.0274367986672068,-1.0933630220025152,-0.5820597132842067,-0.08018087343171762,1.334936055674134
-0.5955476259606648,-0.8230924151569095,-0.6877442576718226,0.9990135075840597,-0.39950020374211165
0.09445032776110564,1.0475382465647443,-0.7724181941542827,0.343489409645737,0.3809485209018331
0.5026099595276344,0.12380915168002574,-0.2024664304383629,-0.4389151462646331,-1.3252325475993725
-1.037543078812754,1.0346075662758476,0.019948143228534297,-1.4039441171711495,-0.09303022244516992
-2.5457800368277725,0.02774163767609632,-0.8095740489340136,0.42608506411598557,0.8483320067460741
-1.224613327927024,-0.46545063044110085,1.381387974963246,0.7231179318456175,-0.21022056780637288
-1.0295801232223079,1.1467913927836952,0.14850538779165623,1.3424191831651406,-0.8766991549349774
1.5544425947693428,-0.48996803193803423,-0.5988539583752415,-0.23792007906671525,0.030200963817698677
-1.1448976349348876,-0.1175721139446851,0.8797462640323541,0.34774388854302524,1.2506934440180904
0.21608274221389406,1.0627045633883545,0.8190576093897038,1.5333057073528662,0.3525703576185322
-1.7407168441614955,-0.4673566918112125,0.09824424882792329,0.562460009418847,-1.793975195348014
0.19276958282655962,0.7677945420526421,0.8878926963908955,-0.10958854025194516,-1.3188023149374308
-0.7985335388645991,0.14772788731173764,-0.8969945148637708,-1.38349170348488,-1.1964300375709938
1.0518522518401745,-1.0143733851165586,0.9527791054602942,-0.3124681326525986,0.7270299163991479
2.7123765662230217,0.6187640036224273,-0.06927003393684891,-1.126022152643255,0.6712573327574148
0.12119316928581866,0.9384848265425841,0.7995815811361446,1.0495232327846242,0.6291488823238424
-0.3386569493470419,0.8904183215431973,1.0324086450407628,1.0745293843515775,-0.5831167272180721
-0.7022152188604309,-1.2440372380225644,1.4772881057560387,-1.2055278732753079,0.1943142969520182
0.39708115523764753,0.48410713159031743,0.3882768221714525,1.1321493655296175,0.7513443885959312
-0.9813867407583952,-0.7273120953310874,0.12130320398408984,-0.35927451624007894,-0.5573142037673222
0.6107147337092268,0.45534665732500473,-1.5419800909054684,0.2793302904405741,0.47166006441083813
0.18107950809545909,0.13446032207030467,0.11865877843744137,1.0253832059505374,-0.011468605042273873
0.25789347152724906,1.5788768694852786,-0.7823725548543475,0.4030343172988639,0.07787911974598491
-0.3711469415793182,-0.04228380887581666,-0.689637016328444,-0.017279426371641652,-0.5086141293614912
-1.4100458378620806,0.3346419770041568,1.0542106975995926,-1.3420375221553948,0.4779325897806746
-1.9215185526570733,0.0393403123180062,-1.5575765903351055,0.6657946439608301,0.29421557342435994
-0.8313188088858329,0.4639453208785226,-0.6280089171702872,2.802539227032147,0.0010019993814813074
-0.43987141112663136,-1.6416969539388524,-0.8340288937405332,2.3572646208766472,0.47797240276529657
0.907001843582379,-0.12340763376509287,-0.26941337860218095,-0.13961869432599833,1.1173641256511135
0.14978307910178165,0.08800748781551561,1.5904283168025197,0.2856535610339658,-0.1423782415272071
0.06961717109452915,0.10545137495413691,-1.1411150374455235,0.025544573998788896,-0.771421589445392
-0.39870188786402583,0.10366430297363417,0.9807411334391012,-0.4742442900826025,-1.7928386300145234
-0.5220485223641869,0.24427474744528385,-0.5767823755977584,-2.0782673463131895,-0.8894655864695381
-1.3691573009330964,0.5844918238827262,-0.46960818254823483,-0.841426643983808,-0.8243963785698277
1.5452363705601166,0.14859282586745937,-0.6137562119381951,-1.113065340726822,0.4257779594052168
1.3751666902293458,-1.4674854640991257,0.5400961912750634,1.1230942057802438,0.3582978032234348
0.4967786776254497,-0.3978962790749625,0.36597596961702417,-0.6543105763951554,-0.39214752173713546
1.3782946439488535,0.9726406939673198,-0.22340791211238128,-0.5208020083462114,1.8274532194482707
-0.20993237422603545,0.15174141700932484,-0.05864251782978679,-2.20683257732333,1.5985286250181931
-0.9508719940625828,2.7478868439730193,-0.35900585160565496,-1.6255956256004735,1.0810325015875513
1.8830270576925316,-0.028295900656488564,-0.3039283506660813,0.19903763133017163,0.4813740093587867
-1.790222251638904,0.22311383388537095,0.303450067446995,-0.31619417682429024,0.07367134625100981
0.5335969376143429,0.7240548352670827,0.4505837745908541,-0.4871294007629225,-1.347174156030855
0.2594239613351961,0.45082145075454516,-0.8105084220486504,-0.8477799002766058,0.6196452558909223
0.0016511894484295465,-0.3978464972236774,0.20436348887045683,0.6664673047571367,-0.0140119453393764
1.384975419539649,0.7389684251802434,-0.3075905648448189,-1.2832127174662085,0.38497710463887175
1.4147578589285184,-0.9583902871591294,0.4609419277478568,0.11662006475798875,-1.0573712644148066
-0.5946098615941114,-1.092729236872644,-0.6310642404811098,0.6779951479169752,1.3015687886059184
1.4658237660527087,-0.3177185580556969,-1.1949385940620878,1.383034239822071,-2.2801917837281818
-0.06331084465501119,1.7141610476833773,-0.4749634859930692,-0.20311428800400927,-2.0892289233092605
0.20443943238360054,0.2770001045342344,0.7481253442422645,0.607246159583763,-0.4307875256213547
1.2901137184415965,-1.011071523013096,0.6382860818179569,-1.1255705640966442,0.7386159271601361
-0.2566459345046305,-2.2191403809618335,1.2051538690593058,-0.5620861842992417,1.6033340649775565
-0.25536189238465495,-0.7859747365188112,1.1879112170147492,-0.8810446534952204,-0.9918883256321911
0.9605899266089549,-0.21100006456794626,-0.7250600979811997,-1.406244815124823,-0.31171846273163695
1.3944027601366675,-2.373228558391212,1.5228913940144089,0.4074915644310173,0.08818919882975308
0.9196222583050481,0.4550180421394349,-0.15049238279894367,0.732538890933385,-1.1778101088999429
-0.055135019155511396,0.25771682626548015,-1.1171893346813673,0.5352273600109487,-1.3373507237024285
-0.5999550689422931,-0.8367145238740412,0.6832573822238053,0.14959393456006842,0.2635616864982443
0.11194419693755017,1.2212559803357554,-0.047541431804646414,-0.7724695007282584,-0.8783595333681167
-0.15420968605868843,1.5023726005347835,-0.6868927614441916,-0.8681371153790413,-0.2027197641009677
-0.04607719767047891,0.5599834273640848,-0.33116467351871565,-0.909824664366673,1.8834318406189676
0.8852517825687897,0.33367758234680256,0.6762351976611961,-0.16486896454024175,2.104437657007267
0.9715229315293848,0.09625661214792817,-2.0090254625934523,-0.11181470425647358,-0.40746596514775985
-0.7816782386293142,0.6121772907344596,0.19791460003087816,-0.053162661914810456,-0.6635847552848951
0.058588351947121295,1.9623192747331777,0.41858956110322526,-0.06137677310375877,0.08298800815454542
0.19447407032370032,0.9494688033383378,-0.08225753294652752,-0.8117620262676738,0.04782824201694322
-0.20116425787861114,-1.3822959556129386,0.6434212605878011,0.2002208008950469,1.2901740093945784
-2.451055811798248,-0.6605313661882518,-0.5076760243064503,0.2553918274756987,1.2676197817324977
-0.035344866036818336,-0.07161615107838466,0.20454859420267654,0.4798840034920164,-0.2915845537752681
-1.0320415379078065,-0.009267749201775156,1.2131397675858648,-0.5851429731761025,0.5061411716496919
1.187239653653909,-0.35059363656311515,-0.8167932362109191,-2.31891496033085,2.6320008378065345
-0.8933159985825027,-0.8354363865401897,-0.6971998946585376,-0.3033744756425194,0.505983735125067
1.6012234662826716,0.19074672583435495,-0.315425529517623,-0.365766690818648,0.3339902887991817
-0.8838306803879091,0.38940065860045836,1.874937625332878,-0.4610408065567525,0.7357357857639758
-2.542355687563261,-1.3311203859401313,0.723875977799679,0.8904628530859261,0.7350959148018936
0.6703023484447173,1.3737911923234043,-0.27315291078461046,0.6997735224969426,-1.1791104711569764
0.7351885037262026,0.34792096792577987,-0.8798881443581186,-0.022030790292357265,-1.2101091230409107
1.9347322139190424,-0.06563671412814451,0.5128620539937362,-0.413648698540245,-0.5338715167025364
-0.23280139773653,0.0669921657615916,0.9202371303946655,-0.21839284543715326,-1.2275143686484198
0.643479412181669,1.2044797816715196,-0.11188483656831084,-1.3686425563968143,0.7932820780090293
0.8176101962094887,-0.1724135732457114,1.2253742373138727,-0.8390548950370511,-0.47342422089390657
0.21232307999214242,0.41419999457030776,1.1568505958005761,1.1830474951022116,-0.17927073744821304
2.2575714687111383,-0.943184815390448,0.98271428036053,-1.2045844260051695,-0.8821002668961908
-1.6439931208061378,-0.9406850614370111,0.48278355003282664,-0.5433283804630749,0.2753622965455791
-0.17177194155332662,1.9858894781120524,2.1560715114637894,2.2400028406586854,-1.477396731312727
-1.2378817741730193,-0.7427744844398524,-0.17762138060743515,1.3362849424391174,1.0714698518706351
-0.21451968666755827,1.8738199911589204,-0.9426923375602829,-0.8349749132580075,0.9394176283305081
0.18496484365527896,-0.42045654615101685,1.0315867184900187,-2.0847450245946724,0.4465325844498843
-0.09892956093880227,-0.951831452969772,0.6524800019035508,-0.9929136027594848,-0.9191920887674242
-1.1010468278928542,0.7338528808522543,-1.7649205215824197,0.7190649729270251,-0.6198827563559931
-0.013714524577320402,0.8391384362898926,0.3709675389630648,0.679149571040933,0.8478345108615004
-0.494879739750346,0.29826421426602745,-0.961828950010079,-0.0014592967340759798,0.30950026271340786
1.2073922073596128,-0.8330461107913248,0.6541499457661062,0.6943697533400551,-0.2617480661417631
-0.5723999979452966,-0.07813208187488377,1.7485787743964722,-1.3278565610399182,1.3687110951785935
-0.5898171146632353,1.685648042677818,2.357706834486674,-0.8258008320342899,-1.0536498069188682
0.04940402930326955,-0.4850755764551212,1.2866358136241658,0.13011600575868035,-0.9873557110173857
-0.18667209675870505,-0.7096836210023146,-0.3432625169415508,0.3518032599289131,1.241776870923324
0.38791980863243103,0.5866220782670847,1.7534442621205124,0.43170742892027575,0.703184317235179
0.5589910089224432,1.2800025386954381,0.687085418288984,-1.0743967144930522,-1.0843570686386133
1.2095552778430367,-1.8370777490643209,-0.1382478801593391,0.40389442020358945,-0.21453824090337426
-0.09392949993998038,0.1375294697498255,0.5757251446000454,0.4750336171408541,2.2404869974898642
0.4884543892229542,0.8427763471485342,0.874717876851146,0.21771987538315574,-0.8054024589137251
-1.3218797450813558,0.5204794669374998,0.850849536807533,-1.0630181196403206,0.825166419862909
-1.251363926357204,-0.6226013007235203,-1.005976784490614,0.013733868092319362,0.5863121417462834
-0.038998157443911954,1.106333623108452,0.9269586550651722,0.21562514933334012,0.3402208846025605
-1.4988756575813404,-0.6488007072587895,-1.2529430482174742,0.5055311171860757,-0.2138161011949612
0.6492883042537847,-0.3559258007175472,-1.7002618769134106,0.47376688278487317,-0.044455642973514155
-0.4693600611439137,-0.6958764166788597,-0.6794443917232157,-0.22861144290379462,0.32350966763739514
0.4281469929272593,0.14353997468692203,-0.9404276746280057,1.0467840594239401,0.1095996363644918
1.8775038273292306,1.3262024619912656,-0.7943150978434568,-0.109037282073144,0.9020708552888074
0.2700577061213729,-2.3270870856831642,-0.6922576047043852,0.03550304011391616,-0.37600201276187784
1.831296596625434,-0.7374218915836515,0.5387578282271906,0.5498718347424528,0.6607442426059804
0.3624507509232753,-0.13415124193374883,0.5291850651404261,0.5572636888926246,-2.043224696316623
0.0012895866736610127,0.9089285430625047,0.38835800982599417,-1.1521763597124102,0.8274474208879216
0.4744771889785443,-0.7099792632493546,1.588622913038406,1.5257040193142817,0.026255029082832358
0.9809842392603098,0.9370798798210189,0.06702841482434259,1.1466310182612867,-0.6868209632804497
0.7584927518077713,-0.4698477101556603,-1.5869462912116243,0.3106125623968552,0.05279955292938852
0.8387594352075557,-0.4881859510684393,1.7779218650958089,1.0023241078492715,1.1253017698405632
1.0907833820149513,-1.1188344988538277,-1.3338359803953748,1.1047710417282406,1.9422155075681462
0.5249499279459464,-1.3271520809008532,-1.281911797654446,-1.7474748637899498,-0.4543075846398381
0.9903144708176057,1.427430023500073,0.9168443214699793,0.23928345565379,-1.4608300373387146
0.3730062198790264,-0.34639234979524774,-0.14859671399156898,-0.9660347616751915,-0.6043264552195414
0.7799760981087926,1.5732053835546564,-0.6341157491834025,1.0140148335330137,-0.8683031744665167
-1.6217728921128467,0.5582625587612764,0.2657398568252717,-0.2352343484021591,0.002970254711951912
-1.1124934677157834,0.8771319197902925,-0.13560943134360792,0.3512307316456232,0.8041300817111402
-0.4882685227831399,-0.22417972442802017,-1.145001365654751,-0.8397615411962445,-0.3305689871148851
0.20124168305856296,-1.6364640029842377,0.41686107097399117,0.8180157212248121,-0.6083727073855866
-1.2931246500958826,-0.004117637160969695,-1.1894630825014163,-1.4984243552368954,-0.11329835232881312
-0.7662768466022496,1.526054746218129,-1.3714748404952812,-0.37768138845243293,-0.26239000297399756
-0.4243180697571732,0.7229855105216781,0.010153263452739732,-0.756002209106881,-0.16759810730988717
-0.11119317736217992,-0.6074904072752162,2.3355218270699782,-1.3013280264275489,-1.6138311619549075
-0.3066886376966379,-1.8028873797689586,1.9459635340049521,-0.5749615331740212,2.5475276991169955
-0.3977821176996221,0.00029629425630627184,0.24376981231969036,-1.0231056877980622,0.4059149218308325
1.194387448385116,0.5564500496925552,0.21419226406563854,0.9080703144247059,-0.8794747221244096
0.9941173828582391,-1.1671599513176387,-2.108347529682086,0.6519035812621372,0.208064922105159
0.7632471199326237,-0.5933452757609322,0.6989246800474501,2.1136373868929703,0.19291099036215242
0.9309470334132183,-1.212681507960776,0.4470588795842966,1.0047102903117742,-0.5385746931303288
0.029302181956867953,-1.3148490617470532,-0.8490070403641882,1.5137703084086316,1.4553274580540878
1.135462219589399,0.3469191963705228,-0.029273777240635325,-2.5148688774292496,0.12470581711747926
-0.8863504041645691,1.525575195598763,0.23038981651072968,-0.7563300158984156,0.7527245835569959
0.6465083729190437,0.046387000071678675,0.7618057104412209,1.027668137580702,-1.0392219239462244
0.4848414196327214,-1.6673028557642933,-1.1667609006175363,-0.9555496219821084,-1.4511072505653844
0.0593001999019473,-0.4704144184636939,-0.5416871524655791,-0.03987582208741469,0.472351086969276
1.1044761792325635,-1.3275043573799383,-1.2470160196212532,-0.2383009483405719,-1.0459122065921582
0.07082252206474315,-1.544197291313928,0.49675676974104854,0.6849787429966686,1.0302210256916864
-0.45130824367408273,0.8162851417872956,0.06254225995248872,-1.4658478126411132,1.7329425721377507
0.1225663229488869,1.195730159561309,0.1768761776930303,-1.4458915756188624,1.9981010113570619
-0.8520299891892892,-1.0098548461055972,0.574833881860871,1.6720100633489556,-1.01848569968644
0.07726554746440312,0.9163505570335129,1.7080110610935246,-1.0941712904244172,-0.04261396408818949
2.103858248473536,0.8384115323253244,1.1082329050270612,0.2567998691090864,-1.5930573361010216
-0.26696702031517117,-0.14665636581922578,-1.7188097874063273,1.3800183616694401,0.14557350112672393
-0.4872680425956254,-1.3985863095923927,0.8667767343828466,-1.062137990822245,-0.21820922416825927
-0.7793682014349826,0.38744025266914867,-0.7989093227337858,1.6047284248237201,0.31584389508111826
-0.9947254471879964,1.6643677110232042,-0.3911738409736679,0.6243197447647141,-0.7660836403958018
0.5821840634131411,0.4651486092938557,-1.6607333778886562,0.47575141305948765,0.996811466929472
-0.11353226402260382,1.5559673727605485,-1.1601170012578295,-1.9331995129939121,-1.0986550596775575
-0.3124062521849519,0.8970361090889113,1.982694114260294,1.0434485187096603,0.0009353044348245137
-0.20747872867291464,-0.4944596671079001,-0.09614041087293348,0.6209537235229519,0.5101378734523242
-1.5624572717513996,-0.05672053193709522,-0.5349039549630087,-0.16555046509907156,1.4164102272378445
-1.4468207780181037,0.12108472890488715,-0.28656781535635495,-0.9304080962506658,-0.5234576371849802
0.06303237704065463,0.019938193525097087,0.6061865463661065,-0.7776264217511725,-0.6763363079219498
-0.3479947187003877,-0.2701286525040102,1.4855697427971126,-0.33576123334764746,0.44662370298713067
0.13502184549159904,0.5695027530269635,-0.6011900499171104,-0.2910861211926927,-0.1570852404365679
0.9230982816050238,2.019637270698225,-0.8338976998705674,0.4720725230958533,0.7190008915481773
-1.8627412061596276,-1.5592068500609666,0.2678925158462591,0.12845622387390887,-1.4142957557587617
-2.1350346613637767,-0.33082589126348305,0.05127218893938752,-0.9929846509079285,0.08331056619178433
0.32366372310737423,2.6218543700663965,0.6322089149161849,0.24139295463051377,1.8076577204545685
-0.6119576461345887,-0.6359804916629981,-0.24279746345757353,-0.35815286925173023,0.7610480009529434
0.5153830410556663,-0.2048110832944476,1.190913580689293,0.1756818990498785,-0.7304047262512722
1.1246973243358136,-1.9343273712705054,-0.001185412238936987,-0.006291269045425968,-0.2955542680790632
0.22498424724111737,-0.4772819474725206,-1.2477196246462376,-0.9400641617151068,-1.085013717691596
-0.05972806027437453,0.9246622994035375,-1.5890398241502557,0.22800998452052176,-1.470263885756297
-0.04963803095324011,-1.2273120601606613,-0.7237979473596083,2.176277019896906,0.5109758251063217
-1.226856428999699,0.5857300981394113,-0.7942173719650015,-0.7026834623979025,-2.550136490044747
-0.35840772825477507,-1.0179253672080906,-0.06513777794540929,-0.2189503689053407,-0.030809522106406095
0.19342435704521174,0.33154275665809474,1.7902327443603365,-1.269219718728836,0.9426175416340907
-0.8780936182797748,0.20241310622468892,1.6864074473221278,0.2532364884807825,-0.14869294356619916
-0.5473757833201044,0.6391621415540821,-0.8362065058565238,-0.2533880376934894,0.6513577156979828
0.5703281477373595,-0.5135512519352046,-0.10689487688330598,-0.22624549055174395,-1.0675472199130913
1.172098674634822,-1.229920268815791,-0.6639957026601724,0.7601799957732804,1.3026696520312424
0.9241427517806526,0.6535646969329865,-0.8797771130445949,-1.0657617872327352,0.5564674739724395
-0.2468495018549953,1.033072017384943,-0.41415070064389886,-1.563558772999736,0.07139977537807783
-2.767169136355163,1.2477348071811616,0.9720505599628142,0.2597962166105483,0.2592252446786606
0.5750977236197724,-0.6868422341372454,0.8176142050792168,-0.08619997628903515,0.5436114030971301
0.4146380734023919,0.9472427081824566,-0.2967247416356883,0.012464136061053182,-0.17461857282531784
0.54111054486516,0.09525091156524253,-1.2565014212844041,-0.5664680661625203,1.2188359874737902
-1.3814900341797167,-0.0664559550277042,-0.1869542208366796,-0.1859850001809444,-0.17664236422887528
0.5664661951610434,-0.126896029584971,-0.028470274500919594,0.46109072056847655,-0.6436301788871215
-1.0133917367448457,-0.9499830945620927,0.9020788477321046,-1.6132280811792723,-0.269300786348003
0.29195783354262245,-0.5994442555653332,-1.0632276111817784,-1.374418438700129,0.964188906627556
0.16716587023638005,-1.226359921643058,-0.8993812356447307,0.6347263799806562,-0.16632639974474264
-2.0179608075190463,0.5825810742372687,1.1480344771890902,1.0713709381356835,-0.0058317966479102005
-0.0396900926897026,-0.2160122810452982,-1.9283832759691049,-0.43714087755238207,0.5667837474173429
1.285233891511082,0.4762649419287286,0.1914038617691684,0.8081019845600461,-1.70371955577066
-1.2554854088458063,-0.0910825558900409,-0.23650511355260304,-0.30744887181803215,-0.4271937337080964
0.876086141761221,-1.5105389499900608,0.04548678400774532,-0.7226282627537979,0.9343220402616794
-0.7905656912707844,0.3699460349908284,-1.6581437904438074,0.8643771367922981,-0.39221021675935036
2.341768977212514,0.7443778104058738,1.381576645265435,-1.0543542815426892,-1.6086735874951332
-0.4870823633948739,-0.7332905179110837,0.056864199022705016,0.3454096252155987,-1.161136930640541
-0.11279105499574793,0.46412314120749215,1.5879225858506296,1.7507832267903154,-0.7013690278417003
-1.065702679855884,0.11401055641033253,0.8648828808184506,-1.6221661262996327,0.05159084231957868
0.1955986486481381,1.3278679985298902,0.525458442612601,-0.4320319325220622,-0.020700382896751912
-2.431847295349795,1.034880039943087,0.026453809608907773,-1.1245554240320044,0.5456861139774725
1.6642046238586954,-1.1292323866689553,-0.5697040842838126,-0.9331026431807472,1.4592224838132406
-0.6811506399027454,0.4631599344013584,1.4185458326742844,-0.0649568075211853,-0.6307993556971438
1.6159151352661498,0.4607978595218548,2.4465384315934573,-0.4643553630639067,1.1217484428988735
-0.3422560943727839,-0.908624041462633,2.823169453920734,-1.2555742841778563,0.3710121649619273
-2.2008270894483584,-1.6770349831001836,0.18809469397982437,-1.7492136014679107,1.365063154531981
1.2669035175249714,-0.9992623053125691,0.3464254362459131,0.29792910670039957,1.2011481918276137
0.02770283215307835,0.7880856696459452,0.44790697049256917,2.434955615470823,1.5730436010104194
1.07279572726802,-0.1752581439015967,0.3486458768795061,0.421275776626861,0.11978289531296665
0.2415164048942537,0.5604523370767879,-1.7524728155379212,1.839954555809655,-1.3363141231746818
-0.37753616128777784,-1.6766743534956343,1.7205392163728928,-0.3918818308992088,-0.9757140021127283
0.8598046423893004,0.25549510251892904,-1.358318315890845,0.8610578751559073,-1.3371420758759454
-1.4672162930088135,0.05578267010967401,0.9849666477886055,0.13625198687916779,-0.2902768753473281
-1.7699301596221384,1.1515259575909123,1.0708549450231595,0.02364649750403309,0.3697571282815977
-0.15691563344248605,1.920612298958983,-0.1441211525135263,1.566975986793352,-1.7395896528630768
0.2877596632374136,0.26198481082869063,0.837945976996812,1.2022629286190492,-0.015834558367827666
-0.8916866610942134,-0.4244070498010838,0.8918634382829499,0.20879867818008702,-0.9780405604151667
-1.7272656268176394,0.042146891918432836,0.3988665651298473,1.5776033720344023,-1.5971907087583554
-1.4731809892258587,1.5780826994128918,1.6803026155426586,1.1114348379819954,0.14618516064932596
1.835457685397932,-0.8052389084739334,-1.4350504333115828,1.552295645412523,-0.595733997745213
-0.4099765463576064,-0.8945293775411024,-0.6905254688124169,0.447616728637919,-0.16527753338150014
1.1156154295471907,-3.6641880455177755,0.7662510251173749,-2.178494114032583,-0.6470713678721982
-0.14657725341750427,-0.4360692390556373,0.9127080335104648,-0.451367025960453,-0.8070416996480398
0.16231717044269356,0.20502537537538676,-1.7401765863356038,0.9009426837114004,1.2011480847143368
1.8027784024887212,-0.5891168867685432,0.05014819015685121,-0.6608956153744325,0.4881145777067955
0.44405906719872557,-0.06754885851165869,0.5111877986309624,-0.8120592032555916,0.6058175000135176
-2.0223686949666386,0.6206451314746926,2.266375466835525,-0.8923073858980238,1.5736833955285325
-0.42499817550555424,-0.1304638088109367,1.7417443723009887,-0.19057576942506188,0.8962711196507417
-0.9546098059811616,-0.5680927866561952,1.1241027405760764,0.9592217832471422,0.8920710435331299
-1.6599728949164123,0.7963520398504091,-0.07144013544069017,-0.9236286889318138,-1.0206285893605835
-0.12235420166109731,-1.178915587872196,-0.5386411507190997,-1.2340638455266182,-0.3400479132237508
0.9977937251883804,0.401792471052992,-1.3764967338577314,1.0381306905564243,0.4147972307293849
1.521711789804465,0.10879979130205013,0.4445627517565729,1.5741941513226316,0.14870672603922755
0.5162384509169503,-1.0691403325664413,1.2467374628013328,-0.6812398727138957,-0.31146556765069255
0.18132462366030255,-0.8563840511886319,0.9234521820639209,0.14104144049238515,-0.2048117503469426
0.7590227399484095,-1.252219807221529,0.36163157817614966,2.084000738663292,-1.486608613542404
-0.6166265766139561,0.3027064395102875,0.91688109958376,0.39856805329648154,1.5931122039888668
-0.23774358777776725,0.09217740810501994,-0.15985889491747166,-1.3487467015532357,-0.8514816851988297
-0.48033272054974613,-0.42408777450552243,-0.19750251937044686,0.10808561625018966,-0.30842467915534005
0.21068634239795048,0.43574662819194293,-0.4821880585854245,-0.9727735382977869,-0.44556423732508366
0.08759265009529622,-0.34547733027083327,0.7349216172088237,0.6340046471109665,0.34588308889323427
0.8541415494260649,-0.5053482730385235,-0.39874508291518823,0.8519949318151191,0.8991072564911844
-0.9189069939158586,-1.8528730953359922,-0.7363712558967876,-0.9287528412424675,0.5568855250165078
-0.27502195705952276,-0.13496128078725764,-1.2410183125109624,-0.1628206902717052,0.7924633722708019
0.6413173783473969,0.2507060053308992,-1.2151434279499187,-0.6775810869379482,1.6093871612923427
0.6462642656854888,-0.038026273169711536,-1.205496045078676,-2.1697704690033492,1.0294444577996091
-0.8764524709441651,0.9185059902669616,-0.8311073670020722,-0.30939995428369266,-0.16867087339754827
0.5809948275082106,1.8625098817514605,0.07993998447312702,0.25471539921159647,-1.8355036647975762
-0.02897263079159006,-0.2879853103501459,0.3197900477183074,-1.3432947108019404,1.095019138489838
-0.9521812842493966,0.17935121765280587,0.40479483468766586,0.23958834644013363,-0.14305604083040874
1.2435547132196891,0.7338014955779463,-0.73256891462408,-0.008269953849556463,-0.06661385100043705
-0.608918918048403,1.0440246690260864,-0.5492924638162036,1.5194968484585751,-1.0025548167396232
0.042572174684986745,0.20671536997642292,-0.6187505243363438,1.0079295855175732,0.05761586986628704
-1.533003195372752,1.030736490125863,-0.333541761227426,-0.3923733342850588,2.6965340312097603
0.4375230326344403,0.23284993709401858,-2.3411667835471017,-1.309497572643084,-0.981037623349524
0.4416686018288543,0.3678080023851481,-0.7613232006287233,-1.242721528356744,-0.38782363613706294
0.19318306156786838,0.422838718209934,1.198546327128567,0.3410917806749608,0.46147939417983425
-0.11011455873199184,2.0226000202177166,-0.29641963910136354,1.1454364364239136,0.05812297623704368
-1.3906811415001141,-0.5032787112446697,0.2707982577284605,0.7674351739210393,-0.07822805809832437
-0.10941509489187357,-0.5633592947020478,0.922354641902085,-1.1375189013638631,1.5281905555275817
0.0816274447399372,0.1311782610942489,0.7090720790280378,-0.9063520487148216,0.7054802177397075
-0.4749821198862253,-0.6724248044992184,0.5424626176926994,-0.5969336360276737,-1.0419796407194148
-0.1509697650929173,-0.3643221131684417,-0.4661082258627326,2.993428607642621,1.1193007863024254
-0.3672578052384386,1.138330037219207,-0.619702307397191,-1.2922288031048454,-0.39962373893750514
0.22325483474263705,-1.0814947755479185,1.1244939844809316,-0.0829089588947502,-1.095470405696324
-0.2920492989566654,-0.3654211248573761,-0.8855870762270369,-0.8505929629852805,-0.8441576579038685
1.015690408331634,1.2409834888394544,1.1117558944323591,-1.283836111381885,1.089940018212353
-1.1470855716705728,-0.3647469500008387,0.2756923713790656,0.16076964480014008,-0.8767110284482618
-0.7588995376876895,0.2397409502363044,0.09467047620829255,0.33861213999232026,-0.004563856388435184
-0.2178416555280423,-1.12796877755219,1.2128844220813244,-0.2020005207566757,-0.5474739035314853
0.8587711063452903,0.17819745554395028,-0.3741557477856805,0.9057735895145556,0.08518789858555284
0.08913598632838556,1.0161386464932378,-0.6317706680236569,0.17598398714789545,0.17514361087681543
0.24008270341750662,0.19400068465341,-0.026453814301631063,-0.2614825822851883,-0.6096752873878192
1.1768700792518332,0.45603096753516453,-0.481659659668941,-1.1154972354920434,-0.3348878504621961
2.294959525510881,3.0772954178344847,-0.05926587071547309,1.0809780022292572,-0.23832049228517055
0.054731585250584525,-1.0164554019524106,1.5500541171257924,-0.10837812169073965,0.2978812056222565
0.2262017300447036,0.07622382795933381,-0.2950550993751018,-0.4181529253976591,-0.17515962835920693
-1.5786065722392544,3.311254277740357,-0.021735936496186943,-0.9060607226438726,0.30127761416547505
-0.6087167999920364,-3.008545968032501,1.2596604475985755,-0.33582536315528205,-0.17899483199404378
-2.2018410629387057,0.6354557555126086,-0.45992058641159145,-0.5904512745849881,-1.0854181219936723
-0.16747832216072875,0.21147955505686283,-0.5220227940993287,-0.603322437898998,-0.2225733541284863
1.0163862272692332,0.006506721052962956,0.06688734604876981,1.1912389683237976,-0.7950779318235759
-0.0396331910224662,-1.2719517623522323,0.8063535006012243,0.6985363781856283,-0.11544940407336933
1.0050011504835163,-0.46993573947612266,-0.4252449818652359,-1.9108499172231825,-0.1914120633357173
0.5393557884051635,-1.637028631768977,0.2842487269982123,1.7581772782891893,-0.010151404607010589
0.04156746195840318,0.1919204287688262,0.7677814529970726,0.08420201600111535,-0.6168980659404333
-1.398966737764253,-0.7994112952209614,-1.547759193314954,0.2766137216215401,-0.2944806458299566
1.277214782144804,-1.6008295116047584,1.8242187304442126,0.1063010898602911,-0.9338553008598043
1.1654969245585163,0.9993857719694008,-1.5480066747393928,0.6470903020333049,0.7790378401656264
-0.051335241538333874,1.7626968988271752,-2.8440671837700195,0.1841225783272356,1.3567938525840801
-0.46401002140182845,-1.2829275082613905,1.3311483228832095,0.8127514808722339,-0.6559877786057107
0.4334438218300858,-0.4000452138572951,-0.8727114082828452,0.8049322734820206,0.8964282049855226
-0.709614337820815,0.3214275124967001,0.5210868266391689,-1.5783046455186744,0.5078930409792972
-0.7715474632762375,0.666574305170281,0.7640218795398603,0.41540196967209364,0.2567313776186929
-0.45797809820762564,-0.1045007474595813,-0.7723948978575778,-1.1762882232815544,-1.6893483188201552
0.7402176020048823,0.34672384082016955,-0.9950663663964642,0.22157985726793125,-0.062277997081494084
-0.1744010292661832,-1.8069841913767388,1.9245591386126288,-0.5374208404971508,-1.5473670341097978
0.845722706141395,-0.4317263324025371,-0.7110566002239433,1.2740557684893041,1.4160051072427804
-0.7970425962137985,1.8783777458763753,0.518688391514659,2.137483271035262,-1.0318801761954073
-3.0369386047972453,-1.6437451134225927,-0.7655913948893821,-0.7416299469325934,-0.7299361643962979
-0.1385835130440838,0.46172699969926184,-1.3380090571117362,0.12554873678908018,-1.9032808313445018
2.59542599900208,3.3908708881750314,-1.9570060618556775,-1.2321567963061217,0.3486494091484867
-0.6319737276570575,1.1867409232976598,-1.2470859078404322,0.36837561010779013,0.5642578698917302
-0.5790833285584134,1.0313080758253117,-0.728384387577554,2.1604148519960598,0.7565370728896619
-1.0445633859980055,-0.7115273355178328,-0.9751612936532177,0.313176992162455,-1.4270379072655397
0.23308509380068307,1.3097684929047417,1.0674149974639482,0.05058577921179138,0.999943213593271
0.5741212745144385,-0.21073045931238207,-0.7315474513113541,-1.688750007495745,0.10697130599164123
-0.9625617323316592,-0.28337299000339716,-1.874098588503229,-0.4383185909142298,-0.18634412544076392
0.20240071286951405,0.6397448511825695,0.5038842498351352,0.1816533641133178,-0.6971204135291206
0.1279394254337971,0.9599725814922627,1.2578212528004182,1.9555157400003436,-1.1760490033703943
-0.2616789518477489,1.112000015866935,1.01932930302738,0.45994296979601434,-0.7195845694345788
-0.6611714141980981,-0.21869356571778936,1.0924468408859387,0.332942465716439,-0.6329106607519295
1.0088674135009763,-1.7210694193379166,-0.5115835731662286,-1.1391854904677166,-0.607081655966204
-1.027759650701868,0.015397068008876691,-0.09271268353940865,-1.196573567579108,2.1128811160548615
-0.268832152770631,-0.018433335626484585,-0.11627399675406892,2.186752121713777,-1.152536788783586
1.420878605385929,0.47296401669671573,0.33430901536026403,-0.24629151700064422,-0.2931523657756114
1.3315777686974868,1.458694436152383,-0.5040086352920666,-1.1410171912960008,-0.10684717508032031
-0.20983653937726343,-0.24582709084138887,-0.0656739553890269,0.48824489905731094,0.1133420302871052
-1.1894300573238894,-0.5355460773172344,-1.4199345255295224,-1.245106162812921,0.7889449362711829
2.827030698356214,0.44392176669333144,1.1802775353753658,0.571207913278544,1.2686477261463553
0.6717239360616739,-0.9661054765985763,-0.18928271684860168,1.6006105841445606,-0.42801780854735383
-1.5375305917783748,-2.537772486477038,-0.2791599607206289,1.2056476645759704,1.8644240533255205
0.04744315130926257,-0.6434399469230286,0.2861180984369331,-0.4609429925750548,0.978264003470168
-0.8167789674399945,-0.9960343171985917,-0.5540947528793042,0.8487910683305684,-1.2085896616849292
-0.9962795479051364,1.276928590092514,0.5039093591662072,0.46207540424963506,0.9760935940721285
1.1648766231686125,-0.8946288551865074,-0.16089862497152205,0.7434476044936347,0.7799854666708492
-0.3290288213918608,-0.4147409001852746,0.05779035676297867,-0.5317783820512858,-0.14536051965586955
0.625224297062136,0.42833326044273884,-1.553910191566403,-0.20594607709830232,-0.9092139348203081
1.0396987280924332,-0.5968619682320042,1.225990989035737,0.9077477857834213,-0.1981069881774319
0.6714242156452872,-0.21901070390307695,0.17935478789688797,1.4003862537011988,0.1961192995773599
3.209629995186043,-1.4175220193877909,-0.8942844394579902,-1.2167136352447883,0.14116645028680302
-1.1408791838456442,0.1974509417361771,0.3405533618934612,0.5663229033602921,0.3869227399920484
-0.9899658966211924,-0.29892567456347807,0.9607777364620518,0.7235784385212479,1.1545282506130934
0.6128096048613635,-0.8304712955796848,-0.6753781563320784,-0.4152638111152904,-0.6615582239305251
0.3205388938214885,0.20677220942345645,0.27692741950797956,-1.6621479392796281,0.22320764940915258
-0.517058285279281,1.2875156698650727,0.06680814549558675,-0.7628332976988021,-1.7234539301734817
-0.5990455933253503,1.745891431436048,-2.414485865773629,-0.08365385806636427,1.3415774973963124
1.0675872396061052,-1.9197828571250508,0.26933875947809116,1.538013522192036,0.9901510984174486
-1.8146106028666815,-0.8440898827226638,-2.003192406501569,0.2651922719864916,0.5063220432175091
-0.5881832557605647,-0.19877604008208832,-0.9643609791511448,1.0287219313890976,1.2306988344229761
0.6742214325856027,0.3812843897627034,-0.04804003688446694,1.886130829020684,-0.7705068745009584
-1.6449488961072332,0.6615221488137757,-0.8603274489960637,-1.0836875006407796,0.06753748194687367
0.4760123856978357,-0.08740623309667281,-0.14478922927835722,-1.5426788014944053,0.1758869541443188
0.6620620105399811,0.3137202476751016,-0.4234513861904476,1.0184942594219997,-0.6137649186812443
-0.2559233794702713,-0.2207516942519531,-1.2491620824382428,0.11928783245613575,-0.625950998959057
0.7124347002638078,-0.6362730899219873,1.454359430232525,-0.22049681636823873,1.1603903989461917
0.4883175652037782,-0.014205292972863996,1.0091308872983533,-1.1758439474870919,0.8647057363080799
-0.9935107747559627,-3.3077445442766673,0.5819771465609926,0.03419578045761051,0.1731147926692477
-0.252479421917495,-0.35234497855307223,-0.11819564897244071,-0.7212844128255044,0.7437901283625913
-2.044307663076267,-0.1127272718364969,0.9439992483795717,-0.09902741949188029,0.3316328773266427
-0.5695911563411126,-0.4713948147113705,-0.9870374501952315,0.9269345375339125,1.4596060738269563
-0.8395705515276926,0.4807964813917478,0.1537338252863432,-0.6638258571418326,-1.2588053501757266
-0.5099438185343856,-0.06665426819862783,1.3908766120453835,-1.062607318346534,0.9772223644250538
-0.31061157962499913,0.263065977021478,-0.26031804261855235,2.1306300159237197,-0.7017172170905102
-0.36757941160337954,-0.736685510594613,-2.7250913293253323,0.6573568415058745,-0.3306225905491269
0.39644998375229384,-2.09664383241152,0.5922196079408621,-1.8747466349560449,1.096087827349953
0.3764271816865718,-0.6610045896941777,2.281647268089875,-0.7502697279268035,-1.3192332926824701
0.3652644890152838,0.81002096288322,0.4988842248253782,1.4225249452650395,-0.1919465487618647
0.13878406680255287,-0.3581297146437405,0.5097070917585309,0.6525550805202627,-0.09689520948165753
0.09326335983917979,0.6294118964611296,-1.363777527053782,0.6510024929977313,0.026324481924238224
-0.7171773781225882,0.29100938942261095,0.06284828701907827,-0.7082756351244451,0.3832286016364993
1.2590219757385177,0.09729916912119127,-0.41323018942181905,-0.6311831264064715,-2.136872644603106
-0.3889329224782287,1.6435687308087228,-0.7900062526776573,0.6476317334587522,-2.233028422801464
1.2322707380819504,1.977461642636398,-0.5305146627419196,-0.24645219842903515,0.24375841704286014
0.5746691076007108,0.1912452015174193,0.6429069746111539,0.4768376998186594,-1.7395610004650184
0.7385439999746602,-0.576960831862065,0.43327043086016553,1.0902307812501315,1.2070871452653125
1.3641575160581296,0.6502628757907141,0.20475057915430797,-0.6633958084395304,-0.07142409466302985
0.1842718321409397,-0.9754311744166972,-1.6235400542557084,-0.16377372529466977,-0.8095084152753443
-1.1528869153210206,-0.36073512859319506,-1.1710371028597217,0.5054871632330038,0.18125386067165178
0.298353837187458,-0.8308315726472936,1.3654693000820546,1.4093368154067902,-0.2302906385710172
2.4689974470739537,0.9384788695708923,1.1181614080646411,1.2269593699418724,0.6790351430728773
1.3856606479177638,0.14255312646587567,1.02502802902421,-0.535363380700545,-0.7802631046684074
1.329993947330143,-1.972867883621818,-0.3504028589266177,0.02632652854296253,0.8246500653500739
-0.9626349106167719,0.4257405857347789,0.8279216260612544,-0.5582230634570039,-0.6446632529731079
0.9146082025854764,0.2077848270117803,-0.8719183702526926,0.2687771797727194,0.09000802597173364
-0.5645420413114333,-0.3691075128893043,-1.2658444692162096,0.24452546974817976,1.1106830918789585
-1.2404650693305355,0.3756391639442889,-0.6725303252467071,1.0674811783389655,0.19260255958135344
0.9456221999079284,-1.9015934954795952,-0.7257476322370593,0.8625924640885754,-1.2748139521606965
-2.485149131565458,1.0618338436527706,-1.0182231773254462,0.19269254051823625,1.0993361057109658
-1.5110920325073027,-0.598882573999706,1.2351125295913625,-0.8293192917277383,0.9657616514659432
0.476718067816697,-0.08219619820328256,-0.8900470486297878,0.3009437184968475,0.45865964644596324
0.4511555911618404,-0.8600266595444046,-0.0321166495801004,-0.3289003638619196,-0.01113945440227228
1.505183149919461,-0.17086318514046014,1.3273243484785193,-0.21672810051219168,-1.546320559190465
-0.5691824361521726,0.7330703023196509,2.2775197007707564,0.9100040234458247,0.326518746110857
-0.22862421755729453,0.19608653020532021,-0.48283451744079064,1.0201320392439468,-0.9642615071903035
-0.25438304650896537,0.157026426642869,-0.39319900194804513,-2.308348837592497,-1.815041538125496
0.17960459328184886,1.159113471301625,0.5161263714599712,-1.0589987032638735,-0.17526532770532482
0.005752368827753392,0.0915799674109952,-0.7620933122582277,0.2391696184849552,-0.18150260256041237
1.0238993798474165,0.19353239026249233,-1.0039194923017447,-2.225451056061974,-0.6593229195832818
1.0765008201734116,1.6181531939380747,0.9064449085643639,0.26337997099066646,-0.3947712696663237
-0.3514748830300096,0.6452705682275807,-0.1902225887301085,-0.4901635235275983,0.718867624638672
0.4783735558679699,0.22775355154678562,-0.30564552329589534,-0.9231635782594453,-1.0117885795882695
-1.6793437220976837,0.7025974057061793,0.6712079852687219,1.310559087262041,0.9837318423742099
-0.859570927793884,-0.3611136915069772,-0.6654281078905163,0.39937624846458775,1.205659480428288
0.1456103129300534,0.13003371777084768,-0.7296299997555842,-0.39379464759441146,0.05413056264395458
-0.6471179342680379,0.7420456557132741,-1.4351371389983187,-0.21572073496961544,1.116827697715868
-0.7008862555061522,-1.3922925434837201,1.6910804400594461,-1.0226541284586914,0.7673467824024407
0.1712406505003092,1.4567182563074441,0.484263858887382,0.01265834989979626,-1.903109356095099
-0.20501673224730166,0.18749980100894637,0.4062338001163789,0.3463431239330452,0.4596305306130402
-0.54824982275098,0.7931418048959465,1.1296597709544545,0.7655144304240571,-1.1441414213812937
-0.24442303431224088,-0.0029226128619714645,-0.44127856763839085,-0.2924759632048506,-1.505257951880665
1.0379274477846399,1.247117169578752,1.3854721730487598,1.3316457973894842,0.8652943292551163
-0.9646514436485775,-0.718008390300218,1.2627850705622201,-0.7665073364287287,0.40861090732116845
-0.2614853029221079,3.0366155129794974,0.9050880628014794,-0.194608822172242,0.39980220397944083
-0.28480634524022663,0.40664515076536956,-2.036512590071886,0.35529458234309985,-0.9572317647832189
0.4477909266580194,0.00034985873265313785,-1.2394595657093002,-0.987746466432246,0.5670016437003298
-0.7493247006556508,0.962899421685144,1.9927364779124115,0.8014399572990061,1.1087232353212833
-0.4896200629284626,-0.7137726478143537,-1.4965491352980742,0.06711417086929768,-0.8935866387020076
0.6012769818776867,0.04287898066605334,-0.6955538361577367,-0.7239884995029068,0.7640579245816513
-0.657244905207365,1.1094373878533004,0.990463464494751,-0.07018928611358699,-1.744551508808661
0.6336406520439569,-0.5650851000788911,-0.3957233943217339,-1.4940166486412152,1.6314582860258957
0.17562544505934033,1.207996034590083,2.8593507515287553,-0.4694093069784658,-1.5248274939910837
1.292515431117006,-0.65740117516797,0.5555751210812481,-0.3480897880422493,1.3956360341596081
0.8923627470737089,-1.162911470927309,0.6895965730222546,-0.28609588624832816,0.030767558632121786
-0.42497385602426985,2.4032017341212293,1.1857910842714592,0.42574715176416084,-0.34301945228672337
0.04530390079359373,-0.35359058535239274,0.7364060040773247,-0.9811535151441565,-0.5801753820817781
-0.7542066429292419,0.18788600765665928,-0.36684700193755676,-0.7676008462280466,-0.6084975758804059
1.7904105373627797,-0.17486524145623714,-1.089935271556284,0.1368791485804398,1.5647004034792502
-0.2722909248268434,0.875688596253705,1.3037454316572274,1.2249886716399676,-0.1473096013504114
-1.1655129454904647,0.45376504154175284,0.8352877139692166,0.41391558181707927,-1.0411142230493031
1.297745993950697,-1.3841658418067617,-1.329837967553207,-0.01343333106416984,-0.5635597244571875
0.27830222609169003,-0.9935322439135121,-0.3686577212637019,0.5959399998973611,0.2219901563981998
0.45659100035074185,0.4615995713521453,-0.14130053356311842,-0.032373775272154785,-1.5647226194530424
0.8232335235049819,1.2252678142292206,-0.04482059517738423,0.5143864846022171,0.40207079973314225
-1.6108117228321415,-1.7117300104179702,-0.5785094791296724,0.2866028992604565,-1.6660317381345278
0.7590766001207866,0.08258869736609303,-0.7670502285140889,-1.451826119154357,-0.35255268325313016
0.16961039150990184,-1.494468745319779,-0.9213867641856943,0.025147568308619805,-0.8152405589370061
-1.0189753516700282,0.4357139708377198,0.45402574838042264,0.1582931649613073,-0.13965833073509018
-0.8659771136656337,0.38515751264351133,-1.0377768062175943,-0.7504593695798636,1.16939871895625
0.8139780376588037,0.4654201530953925,0.5490094369751982,-0.5062656112030497,0.4511924183261995
0.7703377914687364,0.5482486654784042,-1.9139787128064454,-0.9951748836003517,0.12277499034036729
0.6879339715397443,0.6775913013967321,-2.5847932288156046,0.29375539148032587,1.8286873329979256
-1.0303676325445283,0.22616326717731533,0.8519799563945823,-1.6156279712520238,0.067040675014317
-0.22384625512759082,-0.7662880861646185,0.3944487879963368,0.8031233049534884,-0.7593611004538772
0.42705982713926305,0.10544850588034349,-1.1882162410666097,1.2277038212597227,0.26446582875508096
0.471893731176338,0.4680468309740859,0.16588836243761945,1.694985876136574,0.49037750076790776
1.3011243715591356,-0.3810780903839732,-0.6231598526827363,0.16710333543577446,1.7910389361222527
0.6420916211170576,-0.8009933511243498,-0.6878490603068872,-0.14974183811481215,0.05868193892840912
1.893491212043575,0.872004919332151,0.8112885596932973,-2.207990427355473,1.5529010921597017
-0.03304217034754965,-0.54431444166701,0.5704761913637765,1.59956240255436,0.9280400905716074
0.6434795324530258,-2.868269692082609,-0.0684562939264426,-0.6125341272634505,0.8599978335498697
-0.2929340487607249,-1.7922790046827148,-0.3075217959941886,-2.4674446423982426,-0.9996575236349771
-1.4433788134115964,-0.8336620578100434,1.8015620551406994,0.868063470804729,2.153997866932706
0.6955129718786764,0.6607569560000909,0.3177256365894527,0.39782368944716795,-0.40126152904610957
-0.44467848494418893,1.3466675904947183,-0.5162708626936173,-0.00822715568972692,1.4816302508276815
1.5578836953502868,0.9634793274975136,-0.7351933052979449,-1.4801521580344477,-0.6686968931444466
-0.3639035359326012,2.622407479179192,0.7454441588186844,0.2573994150376818,-0.41420424400030903
0.8416449499451973,0.12942986573521467,0.24560221171482968,-0.06316130381197155,1.155914528948076
0.3019726876090278,-0.17895910296334488,-0.2817943136468102,0.8333701879209878,-0.11210783985893934
-1.073432706323095,-1.1027504838873339,0.1311516870234939,1.2480548213901803,-0.5414895228753683
-0.4549822664041025,0.7859763511522866,-0.9793418692916427,-0.38177421116576443,0.7773592232838874
-1.6002238677375604,-0.606038207146205,-0.10399110796718648,-0.08285848340081813,1.5481932313235995
-0.7295683992770413,0.04910368101626246,0.7560884520230609,-0.5697702314146855,1.2478554268911632
0.6454570583320031,1.3137031198893643,-0.9787472832328501,-1.9665583853157504,-0.3717921607121762
-0.7825460303125776,-0.10508988266885406,0.9471744035345935,0.5091168280861111,-0.8626827885988383
0.4036401242259211,-0.08681388429963319,0.6940904796029652,1.488594422748094,-0.4106332565904542
1.2947138013618817,0.47832746351115335,0.4638980271509239,-0.7466870579901406,0.8861611856696261
-1.7279951722860585,-1.1417958550446028,0.5685547873941054,-0.40729757243412706,-0.9573302842957018
0.0045687405301698914,-0.4687210681976912,-0.6229662809310349,-0.01371888487813751,0.2731688666308765
0.50893354205841,-0.7997929562918326,0.7467195434140685,0.09917868801491463,-0.026806679150056172
-1.1120428868980667,-0.7306647298195392,-0.5198014404737715,-0.4808252376722682,1.068456571287782
1.088740211662939,-0.2483004714968298,-1.4050131332325229,-0.7141461233787784,0.5856008804501719
1.0541772713558217,0.09294947827867002,1.9234969873507577,0.31325920865160994,-0.32825172103824807
0.6407225764965404,0.5131984158760388,0.31472837862408815,-1.2668945611731637,-1.047222484620042
-1.9257380043452905,-0.05164516244089524,-0.28189837224837366,0.46873219970326635,1.317350316864454
-2.3678876312088266,-0.158959959542613,1.14879528744676,0.16428446249682666,-0.4652171807762022
-0.2803145273972255,2.0710556197577255,1.3146348137002302,1.3875992270292812,-0.08482759957725432
0.44690734111555963,-1.9773716263337378,-1.435835972591191,-0.9338055830703315,-1.4429149438981406
0.2824320604142925,1.4308562873228041,0.5631157397114558,-0.6884884288488963,-0.1385171313464275
-0.5142071969695374,0.30013845951181123,0.14255068353771413,0.8929172891478634,0.46741953077062404
0.5256261238544725,-1.1478686000234832,-2.703904124565276,-0.8681468298439223,1.0703315565486557
0.5493544418897678,1.4974155503989384,-0.9938926986830688,1.2296960715146368,-0.4682017225838989
0.3587871197433248,0.7864970886752564,-0.6648346474573824,0.451736421310526,0.3821050315924837
0.23371561992037132,0.06449954284535526,1.2296354485712044,-1.3127709851459493,0.2538443857053806
1.343503838234698,-0.3267452034904264,-0.6659479356963381,1.2829531569768855,2.0611719346280157
2.0189602492452314,0.9154687888132803,1.0748319327403295,-1.4408788971425113,-1.6857781814341404
-0.6375159806735432,0.5425808801431734,0.38447684730064147,-1.0130556600875313,0.3096131772848424
1.1186080519294401,0.6687179255001159,-0.25759195961638776,-0.5145716286873594,-0.408255834340406
-2.875954630128833,-0.2859855649608706,-0.8389572486338762,-0.8505316449298951,0.477858034401221
0.8456332523175975,1.511968605248055,1.6686574382084816,0.12129327319967678,-0.9527567749574866
-0.345685012801283,1.3251830773829658,0.8922772367170609,0.5054676425926778,0.7244720809635096
-1.591668262995505,-1.20327125200105,-1.568521368771722,0.09898565359424305,0.2188537246337461
0.7437049485780516,0.14455194311510539,0.5709446204376335,0.2601872023503113,1.1740124582718088
0.707592251041583,-0.4989688300572296,-0.10904107033329136,-0.19473002609646148,0.6716338001561583
-0.8944239349089786,0.13481711298115331,0.22108385159686963,0.5864021379391938,-2.055952310525902
-2.0806363371987344,-0.2015173690678521,0.6889010012843909,-0.5688162277585185,-0.736429713397139
-0.6153983749282346,-1.0588288657471006,-0.7404722874941547,0.12771364057042847,-0.3113289779770623
-0.6643671551270831,-1.5502609668653382,1.0405656551346678,1.0011046646033468,-0.47193199429778243
1.3255663807907603,1.0727198744196622,0.8018911944001299,0.28173824071447623,-0.13221737931573382
0.8345864766528323,-0.8437746662912331,-1.1946639460569786,-0.48930672151254007,1.022253462120885
-0.9031257062177633,0.1708031637575588,-0.48764125770941336,-0.30477363428451326,0.6713571387336256
-0.050550716092584824,-0.10134103144170502,1.1396871257764407,0.7144333486585928,-0.08836076798349052
0.14390747809304813,0.10915061193209626,0.88208808984947,-1.4238003853222119,-1.3620113536028524
-1.1069834266187693,-0.3177527534650598,0.21260565172011278,1.175414515052256,-1.520970873468841
-0.08349448150397551,-0.15748783390591264,0.04594475541494796,-0.5136035126156215,0.3599910191116423
-0.07109275111221859,0.15835881264903157,1.881323273441598,-0.462931875447883,0.8398920601356014
-0.5986371579711876,0.5473946576534247,0.6663591843749772,-1.2261627525281846,1.292915938883704
0.7627257923252597,-1.142533128336731,-0.0992057795550506,-1.2587761311453658,0.34662439489066127
-0.5357572320877186,1.678234476111093,0.53406538432329,1.920395528893806,-1.5531171248153328
-0.5706275345096478,-1.1841479783779838,1.5687464323310492,-0.3564721785281313,0.8596070310432834
-0.9531798373296072,-0.1080466856348974,0.28976584880096024,-0.27956609471181254,-2.4485660584440705
0.4785230463965947,-0.6694273844153831,-1.8741251853693608,0.25664570912565016,0.5298842720546362
0.5778668210447218,-2.335611446557809,0.03967066006114419,0.1276217904064671,1.1464796318527075
-0.3404939251796196,0.5773454306778394,-1.698835776886268,1.1899978142555114,1.203548629753163
1.7225842321017695,0.5009297960356482,0.397284216121645,-2.123533370637336,0.6599319126298525
0.3331494919234664,0.19598883846225132,0.7370265096275734,-0.8344026394260161,0.08950111836255778
-0.14211847568998898,0.3878556862649206,-0.4709087852143935,-1.7016620587846105,0.174850443431335
-0.745493401995582,-0.7191043156722278,-1.4062075915801535,-0.0919282611902488,0.758143706412971
-0.3137171758043693,0.04359731333106314,-0.2553687767842985,-0.3105139808782645,-1.1688499297801
-1.0722604067114854,-1.255251100372157,-0.7993262436459193,0.2841620072053106,1.091427057991736
-0.07335866007532997,-0.24294591393215498,0.6934115906615415,-0.9242662318975458,1.1746047960807269
1.3255603801065048,-0.7762458871229537,-0.24027240737521416,-0.12512262055165932,0.21991365333152946
1.287933127632141,-1.399779374408953,0.03036856149540625,0.38196825699699244,-1.2054121436898877
1.028935031401415,-1.2808698229769562,-0.7992744667764438,-1.6197067972440788,-0.8380610129561711
1.1022279019032635,-0.4356165767310903,0.09061642287365888,0.002484221254308824,0.28491348262241095
0.6110879767591381,0.2750383062593006,0.8974084257685566,0.06758290075576057,0.08126137433618877
0.9201086062392707,0.32430090099607595,1.3924048432222165,-0.5501917183245935,0.9584186886644495
0.6326220528625474,-0.08878275744112799,0.9016349254174267,0.3572618349951706,0.0427635696085545
-0.08060038543686629,0.5429745906878566,0.30555221826029577,-1.3293516927285047,1.8268926374487966
-0.7383328582768958,0.8739207836089252,-0.7929314879207129,-0.5043075240740928,-0.6842003428138883
-0.583014979662687,-0.5967903854450034,1.8995496894760868,0.3800408804339971,0.2564995805338898
0.7497887505028982,-0.8183245351071748,0.9894717373132377,0.10877863329735492,0.7815916349704948
2.762236925811415,2.319460496874781,-0.7354905711034363,-0.5562324629753239,2.205455949035434
0.19838510601991888,1.0545252497208277,0.31145594122002834,-2.103346418040573,-0.12322628497118318
0.3148169163813767,-1.85502259070513,-0.6018956024382927,1.0717794761058186,0.35524502257315066
0.0825475671265119,-0.5420835197699571,-0.8298882421244803,0.6541915922024625,-0.36475659398102406
-0.45172773402297317,1.6504243135340615,-0.17077732930119136,-1.1974033347911681,0.0690542533274829
0.3170463497850288,0.3505210494699027,-1.0752106362124243,-1.1816798025783084,-1.5491183203544043
1.0610611345010363,-1.5678214005244044,0.08259006014962164,0.552151793465225,0.9352323010539149
1.387326562424443,-0.8630531918779621,-1.603181961769186,-0.9440161283135958,-1.077823516482328
0.20662818629662763,0.3020045417807784,1.3063172837958263,0.18363709091394492,0.3698361163816908
-0.8343425693002804,2.1531858763323353,0.11975778566394198,2.3864967365073584,-0.7695938462197005
-0.1758316215441597,-0.7842288381806763,-1.4453738914702154,2.2928798900609584,-0.6085898324110632
0.8447129949456442,-0.17027824902452546,0.03944403397259988,-0.6814771649786127,1.1470901402490916
-1.4836895382981898,0.9041293573705603,0.3768829906800255,0.4571029066194551,-1.769678927655447
0.23837821164448217,-0.48554510880329943,0.1023324208998937,-0.7399951585484784,0.08682614627068067
-0.5681202893297648,0.6257160827291413,0.5276731669601349,-0.8641999362061006,0.427554834561944
0.5111540519178596,-1.1307912034633372,0.7825851606002533,-0.9177542075335161,-1.3837063649525752
-1.1107227327151934,0.34659347034256555,1.2563069267176037,-0.4908807312598258,-0.8277201854207631
-0.8675538941752464,1.014592817317591,0.3567345498763873,0.4105058715746021,1.662878555193201
1.0350750967550912,-0.6599223475783343,-0.3263294769975446,1.0434845064431812,-0.27360556612484005
-0.30760714873159267,-2.417947553470075,1.8278046325415598,0.3487664760332988,-0.4913036192203112
-1.9815314754202356,-0.6878651384528329,0.06064599048455673,-1.623616196939686,0.04808218288016815
-1.5934541686080232,1.040575342638011,0.9639059624824823,-1.095746974349757,0.21961735506005625
-0.3330069675179804,0.7167393348845088,0.8305404551538579,0.06013033147312302,0.654809862051526
0.2769638534206806,0.3875161137246967,-0.04894993977645086,0.44717813983213683,-1.4822690856602885
1.5211933004574647,0.7143788317538932,-0.28566144651123115,-0.8595306749895854,1.3988319882828033
-0.82358013270909,-0.7135379081607103,-0.42779201283323004,0.5523409609210125,-1.1108762115643067
1.2888851600321467,-0.6933420768383701,-0.07565780679663986,2.2135844642454616,-1.1595968782409092
0.7709207083620774,-0.9079394575726344,1.0368234080710081,0.7238528398921065,-1.1098588747434153
0.32524191484736387,0.7466567247807261,-0.7742731636696033,-0.1660755728627,-0.24120968776469098
2.1865470507322144,0.31560818628097176,-0.9494046247583106,-0.9783005596844747,-0.6523607497801639
0.6008657638951306,-0.22269315564796316,-1.299103392154906,-1.1765839599257717,0.2504025226407617
0.9458810386846823,0.5519056424943222,0.6351100748351941,0.4385519429205691,1.1008135434946829
0.11977667531587849,-0.6937369203404162,-1.2493411403917472,0.18569819600955126,-0.9231299799914016
0.5411648021620927,0.9135200477370088,-0.4860637395362522,-0.21630351245751925,-0.6105569151201123
0.2387758788796417,0.3281498718671836,-1.4656094434723241,0.20691773362920116,1.4850591723701236
-0.18241901854618814,-1.1069383638795636,0.4996797350407541,-0.49160446972958693,1.0034579172549398
-0.818474919055663,-0.36291779963022797,0.38959374910072453,-0.60561845310178,0.49356967358792375
1.5320704170111887,0.557361146174991,-0.5639679773892232,0.2317989921950728,0.26973252643113554
-0.7920329233163032,-1.1477371954416975,-0.48341479505362855,-0.6040799033497967,0.792550661972145
0.6721149958278706,-2.0778778452134374,-0.722052590361167,-0.402952927424767,0.6317426061187996
0.09328974196328489,1.4081302312210926,-0.44592126364700096,1.1936106616845532,-1.5886175349636162
0.22934504341370746,1.3895534659189102,-0.0325164877344738,-0.25189821743858026,-0.1684865912693128
-0.8631228881784396,0.24218239545289574,-0.3557573599272381,-0.4056499797950814,0.4350713742930463
0.8856490023174737,1.1601160063542382,1.5646976377166428,0.2451038384673306,1.1095151573932713
-0.7371360041658411,-0.8378617685073144,-0.4284963041922332,0.4264180828460043,-0.3694094351479623
0.6061901692944995,1.3361734276444397,0.09029520810879405,0.03451887843271752,-0.005277551274327988
0.4182612301059426,0.4123948105827769,1.2235934441427856,-0.2054413300852452,0.15027844289483977
-0.8877927851757363,-0.9103956379037926,-1.2610789277613605,-0.04274801412194088,-0.6103083159911922
-0.8847927499286319,0.059815965978652165,0.22946724211785255,0.8355710119347488,0.13179683782817267
0.543946018794069,-0.6504382743376995,-0.4315475517232657,-0.6164650192208407,2.465839714533013
-0.8573324785384914,-1.8579176254457967,-0.512317278038766,-0.05461394438400891,0.33457318642057415
0.37650434125446336,1.8583419428861743,0.09999854375833986,0.7679636186324507,0.11479459031577503
-1.4152276216383277,1.5311538828682565,0.31440410119805373,2.6491376609526016,-0.673094804458883
-0.7583385793497369,-0.03109976993363947,1.126409979379614,-1.079100466585128,0.678343126392599
-1.059505384816368,0.6150102506964111,-0.20665605260401912,-0.29194151221797937,-0.14305883967973504
-0.657577706562672,0.9013679819586103,-0.23645916096801808,-0.32275042255971675,-0.8884639500722956
-0.17601716128553258,-0.5883705709473773,1.1270044419312828,2.392516987271212,0.8523429528185184
0.8408350543118659,-1.5489946230939438,0.06274851708613177,1.4335836572807634,0.8920327308799831
-0.08567813756071711,0.1282484443604665,-0.19697346717574432,0.22200627044096252,-0.8716972604609378
-1.7020271477479036,-0.8061226930461144,0.4228692663333745,0.68038650734029,0.4090309873912219
0.7196497750705808,-0.18743287852212107,1.1844824496528654,-1.6896351556106326,-1.8942882008251265
2.756856083107041,1.016297578257474,-0.945436831483374,-0.1824493637579089,-0.5653305918009242
0.8606034591722872,-0.7008074971573615,0.6145518873862588,0.06386252625068711,0.588064380852363
-1.5583132318789636,-0.09361988802611537,-0.2527240873624906,-1.2045812307679729,1.4015794054890218
0.8661581452729683,0.967789253869138,0.041882551239567245,0.051474169119996444,0.8463683846398059
2.709040086712943,0.46489530450461863,0.6748040233171508,-1.1606788454459662,-0.916262146993842
-1.1406758210614798,0.0775046495280163,0.5488981272773874,2.258138905713894,-0.9656961438232413
-0.11823788654894037,-0.0632777332792488,0.3785015040823053,0.4777476337195744,-0.0028763752134258465
1.0874645064845598,0.8022526891926975,-0.9891876508003837,0.2787180494737938,0.7831827576629712
0.641927189809222,-0.293482899718418,-0.9328549400675571,-0.8443382594859532,0.40089032759560644
1.1167578705128378,0.9362976859106603,2.124580734200625,-0.41801704943782764,-0.9447135587423844
-0.39065169771344205,0.3946517329782941,0.7840545215827072,-0.07868059692732253,1.9068507791003735
-2.064951892648205,-0.3832515248901031,0.7572286942951867,0.3322833944247071,-1.502484245554412
-1.3211154550673154,1.9616210008042552,-0.42676289853006477,-0.01197734382741448,-0.23129749314134984
0.19880936929944265,0.8966467721914114,0.43211314316136323,-0.37553599755139133,0.5167249925754688
-1.6063307569912613,0.12069647978899846,0.1921340425658967,-0.13380304518804573,-0.38357953647594206
0.6364200536198334,1.4217642772732575,1.7334438540979218,0.08708054184131025,-0.6086412734446744
0.08259819828387362,0.3764090657099182,0.32084180357206293,0.3137398411588118,-1.232950617621785
-0.5999368918153621,-0.4060867655984075,0.2513829628330567,-0.5171148203409286,0.901586106715458
-1.1835778197667204,1.8649584311811347,0.7059061970598047,-0.2698876519922289,0.46879474217539996
-1.054938543643836,0.5372268086723843,1.8920964270808422,-1.3669843329948534,1.3950669700340281
0.20741057594750287,-1.0880624183464322,0.9168219572380812,-3.0930780836986114,1.4299394243265025
0.3316495339746345,0.49843864888766043,-0.49382118907573175,0.4664766706041673,0.33162216141017586
-1.4569329739033485,-2.0440302415902964,-0.5190504393119173,-0.7268527580917217,0.34132355768703493
-1.9653575156766643,-0.19968820970328516,-1.052893825987918,0.30666768147948076,0.18987486015521335
-0.9229483701089578,0.9898023863921648,-0.11921672994056895,1.1170008290054747,0.5266057371456025
0.21534275250696766,-1.2044608382069306,-1.3948149511527346,0.84189064978688,1.7283274249697063
-1.0255770431013815,2.412134183199146,-0.38082968862475985,0.7910785233733572,-0.5086402400168554
-1.8408078873935512,1.12102130547451,-1.7147072624576798,-2.0918534489431604,-0.6386113629208042
0.11002917203091847,0.14579960196452318,0.28370930333800864,0.3738994490851468,-0.5202796062248212
-1.1951623276732577,0.7707753834270832,-1.3154568303342151,0.44009540536436187,-0.6341245108462122
1.190537991268508,1.404317624286283,0.12941893844976826,0.8769944907141843,0.3719185769024303
-0.632794933695307,0.462979880811174,1.2084849685136272,0.5320954782378877,-0.8331218254125841
-2.087839175288108,-0.8810111676040756,1.3811325856940142,-0.4805576674992258,0.039025439888746384
1.2486681729595897,-0.22706430332724606,-1.3303064625182595,-1.2133189064381895,0.03317873802722869
0.5176317913037396,-0.9495522513937374,1.3354909125031296,-1.4032760053299733,0.9691748114293447
-0.3319768992418815,-0.08553325309416972,0.3444750364021557,0.1271241764964891,-0.544352841989139
-0.7116609392698476,-0.13832776174890646,0.838773376952424,-0.17187690779284245,1.379518774753331
-0.3544635643587748,-0.3536309036690029,-0.7452994571334199,0.021543995232311902,1.1659070662965767
-0.7593633095239614,-1.0183957583294365,0.8599324148779216,1.0599830026275139,-0.8487878694294374
-0.5766425663677406,-1.2942742830890237,-0.18662805023424106,-1.116910347019935,-2.2575792073191985
-1.298117994343564,1.2569204747676481,-1.2575698304368852,0.6659206375646591,-0.43493937700303653
0.2745332967743034,1.1634741909428756,-0.12937905242335743,0.273785514770531,-0.02528196063465087
-1.5442166538003603,0.19980663070301177,0.6767260461065423,-1.026964720835256,0.6009663026733223
2.5017925655318605,-0.21981301589066468,0.03706795352427485,0.2185692303084754,-0.9177867953344498
-0.4747057067083484,0.17629432696234787,-0.6260008776373115,1.3772442072095066,1.8721857935441655
-1.058135020009013,0.13516688850081274,-0.4508964666759758,-0.9576291686951521,-1.1881307310183424
0.3848618052943287,0.15356045368089577,-0.9783642142671825,-2.0904599966348756,0.23072123109808484
0.29887177495280287,0.1516714648843295,0.3147941229419992,-0.524942574004001,0.2944959095928043
-0.9792931651170933,-1.8378221850630547,0.021306927503237077,-2.0166130015453265,-0.1839058730333445
-2.5586745634926076,0.5072043744441699,0.3296338238836822,-0.6220332989405957,0.9267865810718581
0.2126545237233251,0.9469838943779434,-0.10958829447802201,0.30115935949877204,0.1299128276378572
0.895558592707481,0.7133376369572745,0.4423079655484076,-2.7178862491818956,0.3715817948770319
-0.5284742220253089,1.237414911414241,-2.704127485659588,1.3762603075814144,-0.21876643953244843
0.22982647214693544,0.3087204224145773,-1.1277559877558945,0.9184924567396158,0.263105705205147
0.9345954202985707,-0.564061687871307,-1.1661627470486062,-0.6433111793451329,-1.3387967440357618
-2.0589026552177745,-0.38572475199025585,-0.3947521890412606,-1.2870842712799766,-0.2566155857797087
0.3504499279072036,-1.6181362510440105,-0.29085963344770427,0.2888625739123673,1.4139325210167102
0.96098794430563,0.32054522064425683,0.13282094796712446,-0.14446237701955328,-0.0818903074831959
0.7303124598169674,-0.2514580976670656,-1.2028397279695484,0.6218623637861623,0.13812650930179005
-2.7697621306110642,0.3438931606450234,0.10054236827790218,1.5015840119256492,0.541692599352175
0.3193540436397729,-1.0767948311723938,0.13790345826962966,0.6263037043655358,-0.46932180797476825
1.0363543371565824,1.6589340461638444,1.4391103614264518,1.5700639043752964,0.37957698606928386
1.0574331552156906,-0.749206367682177,1.6738002194727821,0.996710646866724,0.9787814930600912
0.8712185175208058,0.503338807177248,-1.0797737534904484,-0.38428803835476855,2.588465194777075
0.938004151460542,0.20097264059769243,-1.2081729878541327,-1.8285559091971646,-0.8913341257890668
0.8783567265185427,0.6765759277670806,1.0606666072001196,-0.5263434403335556,0.6580716224769294
-0.35138233807024283,1.9039561663505447,0.29474317210451406,0.37026502362290903,-1.7629839815843584
-0.10207549441893234,-0.5341951472071832,0.29096498204746624,0.833162262740955,0.07925532008825995
-0.5322700841377112,-0.029306410630524398,0.020631541111544884,-0.937977834952193,1.1840023967108557
-0.47249914948647137,1.2130272068788723,1.7370751702030367,-0.9342980265009754,1.0853332563815907
0.6782160116222793,0.23406662252819713,1.3198384695804761,-0.6070930014570551,-0.13239147999414336
0.9117953917690732,0.25731050418980395,0.47396135793824234,1.997637671511545,1.037622150278152
0.9835511328653422,0.6304884114315816,0.6279483104546508,-0.4077584922274749,-1.3684198402227878
-0.3467308382610825,-0.1885584009113278,0.9741551372130297,-0.5120299874756657,1.0432299680194677
-2.0663178955637624,-1.0355829436681148,0.11715445906277532,-0.4059042394002138,-0.7993844251090757
0.05879212204903627,-0.04364266289044807,-0.2288767463031379,-0.5968594058258474,-0.10322071175039847
-1.0255585069928814,0.3692082546945484,-0.4042036768866614,1.0782006770681907,2.5434751448525232
0.5228597749034491,-0.9356235375355944,0.16717422121724285,1.7854343182940782,0.9067107097993927
1.644772855418303,-0.24772386666898386,1.0194765359597966,-1.2323372805415451,-1.390166385614456
-1.860680854233277,-0.6795766486481146,0.6263967749988654,-0.26728600030297595,-0.13213935447223812
